Region,Transport_Mode,Month,Shipment_Volume,Distance_KM,Delivery_Time_Days,Transport_Cost,Delayed,Customer_Satisfaction
North,Rail,Jul,440,1763,9.26,1591.92,0,3.4
West,Air,Apr,40,294,1.58,334.74,1,4.7
West,Road,Mar,204,1895,6.11,978.19,0,4.5
East,Road,Apr,234,313,5.23,561.76,0,3.41
East,Road,Aug,400,174,5.93,759.07,0,4.31
Central,Rail,Mar,73,332,5.48,397.41,0,3.83
North,Air,Nov,222,1176,2.69,1561.61,0,3.23
West,Road,Jun,84,1567,4.86,685.67,0,2.96
South,Road,Nov,395,1047,4.75,1048.44,0,3.6
North,Rail,Sep,319,348,4.24,883.99,0,4.56
East,Road,May,253,537,5.24,663.2,1,3.56
Central,Air,Mar,202,2138,6.43,2326.0,0,3.89
West,Road,Sep,85,2408,7.42,962.96,1,4.09
West,Road,Apr,461,1897,5.27,1677.49,1,2.79
West,Air,Mar,327,303,2.77,775.46,1,4.03
West,Road,Dec,166,2058,6.95,1083.58,0,3.84
East,Road,Jun,212,1745,8.86,752.92,0,2.85
North,Road,Jan,365,1338,5.07,1159.47,0,4.1
Central,Road,Jun,362,400,4.79,1035.61,0,3.27
East,Road,Jun,235,2491,9.59,1303.94,0,3.87
East,Road,Nov,158,1134,6.22,720.08,1,2.91
South,Road,Sep,333,158,5.33,654.55,0,5.0
North,Road,Mar,332,564,5.46,845.53,0,3.98
Central,Rail,Feb,303,1033,7.28,1003.35,0,4.16
West,Rail,Aug,45,202,5.97,142.48,0,3.86
West,Road,Jan,241,843,4.73,726.91,0,4.14
East,Road,Apr,310,1197,7.08,1015.91,0,3.32
Central,Road,Feb,475,2374,6.87,1550.13,0,3.75
East,Air,Jan,267,261,3.09,693.75,0,4.69
East,Air,Dec,177,1463,4.46,1547.07,0,3.79
East,Road,Feb,282,2293,7.09,1317.39,0,3.57
South,Road,Jan,96,2025,6.88,920.74,0,3.35
North,Road,Dec,54,2316,6.61,894.8,1,4.46
East,Road,Mar,342,467,4.16,946.52,0,4.24
Central,Rail,Oct,493,2013,8.42,1778.14,0,4.2
North,Road,Jan,424,2447,7.13,1619.34,0,3.52
Central,Road,Feb,295,848,5.99,896.86,0,4.02
Central,Road,Feb,29,1271,4.53,497.52,0,3.48
South,Road,Sep,494,1350,7.54,1305.5,0,3.3
West,Road,Aug,230,1259,4.93,1132.4,1,3.68
North,Air,Jun,151,759,2.65,975.67,0,5.0
West,Road,Mar,447,2428,7.64,1528.09,0,3.64
West,Air,Feb,375,2393,7.38,2955.78,0,4.34
South,Road,Jul,377,982,6.37,1078.42,0,4.15
North,Air,Mar,146,2022,4.8,1989.03,0,5.0
Central,Air,Aug,495,1023,4.86,2021.42,0,4.1
East,Air,Sep,231,1997,3.06,2276.8,0,5.0
Central,Air,Nov,270,1482,4.47,1761.49,0,3.95
West,Rail,Jun,377,1201,9.35,1376.65,1,2.17
West,Rail,Jan,333,363,6.19,894.68,0,3.17
West,Rail,Apr,94,1653,7.44,753.65,0,4.85
North,Road,Nov,158,836,5.89,823.46,0,4.35
South,Road,Jul,186,581,5.94,663.16,0,3.71
East,Road,Aug,474,523,3.6,1083.88,0,5.0
East,Air,Jun,360,2455,4.42,3123.33,0,4.6
North,Road,Feb,189,303,4.86,525.22,1,4.66
East,Road,Nov,370,2006,6.77,1339.43,0,2.86
North,Rail,Oct,371,2172,10.04,1532.36,0,2.85
West,Road,Dec,203,126,4.12,548.02,0,4.04
West,Road,Nov,207,1493,4.46,952.69,1,2.58
Central,Road,Apr,448,1464,5.62,1322.36,0,4.55
West,Road,Apr,285,928,3.01,771.6,0,4.39
South,Road,Mar,83,1683,6.15,744.89,1,3.7
Central,Road,Dec,362,1051,5.92,1033.52,1,4.65
East,Road,Jul,298,1127,5.65,789.48,0,3.76
South,Road,Jun,259,1107,7.04,696.68,1,2.87
Central,Road,Dec,365,2011,8.68,1403.12,0,3.36
South,Rail,Aug,454,1601,7.93,1220.37,1,3.45
North,Road,Nov,171,978,3.44,700.85,0,4.13
East,Air,Dec,215,2320,6.21,2492.63,0,3.49
West,Air,Jan,102,2015,5.46,2229.09,0,4.58
North,Road,May,327,2335,8.17,1304.88,0,3.61
East,Road,Sep,207,1839,7.87,1078.44,0,2.34
North,Road,Oct,177,1009,4.47,648.67,0,3.54
West,Air,Feb,351,1943,7.36,2469.15,0,4.41
East,Rail,Apr,209,856,5.53,882.02,0,4.2
South,Air,Jul,237,713,4.09,1087.79,0,3.88
South,Road,Oct,225,1155,4.26,946.09,1,3.62
East,Rail,Feb,136,2424,7.63,1170.16,0,3.53
West,Road,Aug,71,1441,7.53,670.45,0,3.95
Central,Rail,Apr,415,990,6.88,1328.72,0,2.94
East,Road,Mar,54,1181,6.45,605.7,1,2.77
North,Rail,Jul,169,763,6.5,914.37,0,3.92
Central,Air,May,337,1663,4.82,2086.69,0,4.08
West,Road,Aug,74,908,6.63,315.1,1,3.51
West,Rail,Apr,331,1408,7.31,1114.68,1,2.37
North,Road,Oct,369,956,4.2,1105.25,0,4.47
South,Rail,Jan,334,835,5.93,1069.95,0,4.5
West,Road,Nov,159,2427,8.17,1101.57,0,3.67
Central,Air,Jan,19,897,3.52,781.75,0,4.5
East,Road,Sep,444,222,3.54,1032.82,0,4.37
Central,Air,May,170,977,2.85,1113.34,0,4.11
Central,Air,May,404,1353,4.05,2158.97,0,4.27
South,Rail,Jan,106,281,5.07,721.09,0,4.78
Central,Rail,Sep,89,798,4.76,598.37,0,4.09
South,Rail,Feb,391,456,5.69,1031.17,0,3.46
South,Air,Aug,470,1276,3.94,2010.26,1,3.51
West,Road,Sep,431,1821,8.13,1179.87,1,2.97
West,Rail,Nov,378,2422,9.91,1651.87,0,2.81
North,Road,Sep,130,1003,5.38,478.75,0,4.28
Central,Rail,Apr,457,2164,8.51,1589.56,0,3.61
North,Road,Sep,337,575,5.51,1060.78,0,4.48
Central,Rail,Oct,94,1962,7.0,1061.74,0,4.44
North,Rail,Apr,73,1428,5.86,823.16,1,3.91
West,Road,Feb,436,1907,6.55,1394.82,1,2.69
West,Road,Nov,144,1901,6.2,883.76,1,2.79
West,Rail,Feb,385,1354,6.43,1425.35,1,3.19
West,Rail,Aug,77,680,6.1,481.72,1,3.06
East,Road,Mar,147,1339,6.77,804.98,0,3.08
West,Rail,Feb,148,2075,6.51,1147.88,1,2.98
South,Air,Oct,147,2428,5.62,2483.74,0,3.7
West,Road,Feb,340,2322,7.65,1214.77,0,3.15
East,Road,Sep,458,494,5.87,810.27,0,3.74
East,Road,Sep,456,1513,6.96,1318.31,0,4.32
East,Rail,Jan,373,306,4.61,875.58,0,4.29
East,Road,Mar,109,1688,5.19,623.26,0,5.0
North,Rail,Oct,480,2481,9.44,1927.26,0,3.22
North,Rail,Jul,275,178,6.69,647.65,0,3.57
South,Road,Feb,277,1658,4.57,812.28,1,3.65
North,Air,Dec,353,2366,6.31,2729.99,0,3.95
East,Rail,Apr,386,2125,9.88,1668.67,0,3.27
West,Road,Jan,476,1011,6.15,1281.55,0,4.99
West,Road,Dec,295,304,5.44,558.76,0,3.54
East,Road,Jan,308,2313,7.09,1342.31,0,4.11
Central,Road,Jul,375,2307,7.81,1564.79,1,3.05
East,Road,Dec,135,1468,4.58,851.65,0,3.33
North,Air,Jul,160,2448,3.31,2554.77,0,4.9
West,Road,Aug,316,61,5.53,605.94,0,4.68
East,Road,May,41,1560,5.13,541.28,0,3.6
West,Rail,Feb,167,144,4.92,489.34,1,3.56
East,Rail,Jul,361,2342,7.56,1685.01,0,2.59
East,Air,Nov,488,1717,3.93,2574.23,1,3.09
North,Rail,Feb,264,2287,8.48,1480.82,0,3.91
East,Road,Nov,205,1428,5.57,970.65,0,3.72
West,Road,May,225,253,5.04,567.25,0,3.48
South,Air,Jul,345,115,3.18,893.66,1,4.08
West,Rail,Feb,276,872,6.98,1025.1,1,2.83
North,Air,Aug,21,1871,4.76,1700.16,0,3.89
South,Road,Mar,274,420,6.59,477.22,1,3.61
East,Air,Apr,206,2137,4.24,2554.32,0,3.63
Central,Rail,Sep,353,636,6.44,995.6,0,3.29
South,Road,Jan,438,1266,7.71,1037.46,1,3.04
South,Rail,Jun,481,547,7.91,1073.94,0,3.99
East,Rail,Aug,309,1191,5.77,1200.22,0,4.61
Central,Road,Feb,187,1157,5.56,725.14,0,3.61
Central,Road,Apr,227,63,5.75,441.05,0,4.45
North,Air,May,96,1441,4.58,1712.81,1,3.21
South,Road,Aug,468,1977,7.86,1384.83,0,4.48
Central,Road,Dec,425,2343,7.87,1447.12,0,2.84
North,Road,Nov,428,860,5.6,1128.77,0,4.7
Central,Road,Mar,170,2207,7.62,1089.95,0,3.16
South,Air,Jan,167,2202,5.06,2416.96,1,4.64
Central,Rail,Jan,429,2471,9.24,1944.95,1,2.94
South,Road,Aug,276,963,5.87,884.53,0,3.35
East,Air,Feb,355,2134,4.96,2693.33,0,3.82
West,Air,Mar,250,1434,4.94,1784.49,0,4.54
North,Road,Nov,226,192,7.49,546.92,0,4.13
East,Air,Nov,319,712,1.75,1302.9,0,4.78
East,Road,Nov,408,1696,7.45,1344.01,0,3.58
West,Air,Apr,173,443,2.06,877.8,0,5.0
Central,Rail,Aug,406,1115,7.87,1318.42,0,3.54
West,Rail,Aug,129,1948,7.92,1091.71,0,2.75
East,Road,Mar,207,416,5.62,475.3,0,3.52
East,Air,Jul,457,1266,5.8,2045.12,1,3.5
East,Road,Jul,477,576,5.88,1103.04,0,4.58
Central,Road,May,462,1364,7.91,1338.98,0,4.35
South,Road,Oct,164,639,2.73,826.68,1,4.48
North,Rail,Sep,423,2415,10.78,1739.55,1,2.44
South,Road,Jul,468,237,5.55,1039.17,0,4.39
North,Air,Sep,489,2410,7.41,3252.42,0,3.2
North,Rail,Oct,20,1990,6.47,918.76,0,3.69
North,Road,Jul,375,2146,6.87,1674.34,0,3.24
West,Road,Apr,498,2136,8.1,1566.84,0,2.73
West,Road,Oct,384,509,5.36,957.79,0,4.2
West,Rail,Sep,124,2331,8.69,1134.74,0,3.39
East,Air,Dec,383,1505,5.89,2076.72,0,4.28
West,Road,Feb,61,2407,5.61,936.77,1,3.72
North,Air,Jun,245,2201,6.46,2598.46,0,3.91
Central,Road,Dec,316,1470,6.61,1123.09,1,3.5
East,Air,Jul,233,967,3.5,1515.79,1,3.86
Central,Air,Dec,352,337,1.59,1000.5,1,4.53
North,Rail,Jan,127,297,6.01,382.54,0,3.48
East,Rail,Jan,307,1004,4.5,1353.68,1,3.86
West,Air,Oct,325,2036,6.08,2539.71,0,4.23
East,Road,May,320,1288,4.86,951.06,0,3.76
East,Road,Jul,151,1230,5.95,632.49,1,3.37
North,Road,Jun,159,648,4.96,442.48,0,3.77
South,Road,May,136,1432,7.32,861.79,0,3.3
South,Rail,Dec,236,1613,7.45,1101.27,0,2.94
South,Rail,Feb,297,2456,8.27,1607.28,1,3.53
West,Air,Oct,187,1837,4.33,2057.28,0,4.83
West,Road,Nov,210,1537,7.74,1001.88,0,3.79
West,Rail,Aug,150,2279,8.93,1154.99,1,3.77
South,Road,May,117,1091,5.23,483.83,0,3.94
Central,Road,Feb,332,2340,7.64,1401.52,0,5.0
North,Rail,Sep,409,956,5.51,1265.72,0,3.86
South,Air,Jun,152,363,3.04,715.2,1,4.12
North,Rail,Feb,431,1073,5.53,1182.87,0,3.76
South,Road,May,289,365,5.72,786.0,0,4.15
Central,Rail,Dec,92,340,5.62,287.34,0,4.42
South,Road,Apr,189,2208,9.76,1015.02,1,2.44
Central,Air,Mar,13,1997,3.58,1782.43,0,5.0
East,Rail,Sep,29,591,5.61,519.74,0,4.1
West,Road,Mar,174,2102,8.99,1094.81,1,2.82
East,Road,Dec,232,218,5.82,630.6,0,3.42
South,Road,Nov,400,746,5.06,1168.47,0,4.32
West,Air,Dec,75,1779,4.73,2148.62,0,4.09
Central,Road,Nov,421,794,5.87,865.89,0,3.57
South,Rail,Mar,124,1839,7.98,945.19,0,3.02
West,Rail,Mar,77,2192,7.4,1016.46,0,5.0
South,Rail,May,352,211,5.79,690.9,0,3.78
West,Road,Jun,389,108,3.22,678.29,0,3.69
West,Air,Nov,306,2353,5.98,2707.54,0,3.5
East,Road,Sep,66,1325,6.29,445.31,0,3.79
West,Rail,Aug,66,1290,6.56,750.01,0,4.06
South,Rail,Nov,201,1186,5.33,917.4,1,3.78
North,Rail,Aug,230,1112,7.89,991.52,0,3.84
North,Air,May,499,1740,5.76,2600.13,0,3.58
East,Road,May,150,1470,5.51,858.36,0,4.18
Central,Road,Jul,104,450,4.39,352.39,0,3.75
North,Road,Feb,473,1585,5.61,1656.44,0,3.62
East,Road,Sep,85,1687,5.37,762.23,0,3.51
West,Road,Aug,22,328,3.78,40.0,0,3.71
South,Road,Sep,217,972,6.9,636.91,0,4.27
West,Road,Jul,206,1986,6.46,832.74,0,4.16
South,Road,Oct,313,1565,7.37,1109.98,0,4.12
Central,Road,Dec,440,384,4.79,967.58,0,4.17
East,Rail,Jul,467,148,6.3,918.59,1,3.69
East,Rail,Jun,151,1473,7.1,1177.31,0,2.67
North,Road,Feb,490,1181,7.45,1377.18,1,3.49
East,Road,Oct,320,2404,7.41,1459.33,0,3.67
Central,Road,Nov,44,1329,4.22,441.17,0,4.62
North,Rail,Sep,469,2332,7.79,1732.1,0,3.69
West,Road,Nov,77,575,4.26,390.52,0,3.72
East,Road,Nov,298,1145,4.85,975.66,0,3.31
West,Road,Oct,397,392,5.65,684.44,0,3.56
West,Road,Jul,132,1456,5.71,727.76,0,4.26
East,Road,Feb,142,511,7.22,485.59,1,3.44
South,Rail,Jan,243,1256,5.4,988.98,1,2.71
West,Rail,Mar,443,893,7.26,1131.99,0,3.06
North,Rail,Jun,119,505,4.66,426.46,1,3.23
East,Rail,Sep,335,287,5.46,771.58,0,3.8
North,Rail,Jun,231,1304,7.32,1023.3,1,2.29
West,Road,Jan,64,2370,5.0,973.77,0,3.32
West,Rail,Mar,358,536,6.6,1063.5,0,3.3
North,Road,Dec,417,1042,8.12,1102.88,0,3.46
West,Road,Dec,292,600,4.85,725.86,0,3.48
East,Rail,May,96,2031,8.17,1112.72,1,2.79
West,Road,Oct,86,1066,6.54,622.9,0,4.34
North,Road,Sep,217,2437,7.6,1144.6,0,2.81
North,Rail,Dec,258,650,5.72,894.25,0,3.83
East,Air,Nov,280,247,1.0,918.85,1,4.99
North,Air,Aug,129,1477,4.84,1791.5,0,3.91
South,Road,May,255,1646,6.6,1241.2,0,3.43
West,Road,Aug,154,2477,6.67,991.33,1,3.82
North,Rail,Apr,346,2184,8.82,1573.07,1,2.54
West,Road,May,400,2216,7.27,1461.15,0,4.21
North,Air,Aug,329,1603,4.29,2098.13,0,4.49
North,Road,Jul,10,931,5.76,294.39,1,3.19
East,Road,Jul,496,1101,5.14,1119.83,0,4.33
West,Road,May,21,377,5.43,237.02,0,4.18
North,Air,May,499,1106,3.09,1876.4,0,5.0
South,Road,Jan,25,942,4.54,412.92,0,3.9
Central,Road,Aug,263,137,6.5,494.21,0,3.79
Central,Road,Jul,61,550,5.85,217.84,0,3.88
East,Road,Dec,56,1359,5.96,611.62,0,4.28
East,Road,Jul,344,954,4.99,998.51,0,3.54
South,Rail,Jun,366,2484,8.63,1796.91,0,3.86
West,Road,Jan,67,1222,5.77,824.5,0,4.19
East,Air,Mar,488,2398,6.35,3144.87,0,3.08
South,Air,May,167,1668,4.46,1935.01,0,4.88
North,Road,May,165,148,4.35,287.09,0,5.0
North,Road,May,155,548,4.71,363.97,0,4.71
Central,Rail,May,235,1779,6.42,1399.54,0,4.57
East,Road,Oct,97,1385,5.48,554.28,1,3.49
East,Road,Feb,218,789,6.33,578.83,0,2.89
East,Air,Apr,112,1329,2.58,1468.01,1,3.07
West,Air,Feb,35,2262,4.92,2162.98,0,4.26
North,Rail,Apr,190,1002,5.83,709.5,0,3.59
North,Road,Sep,339,160,4.89,696.6,1,3.07
South,Rail,Jan,383,811,6.42,1236.33,1,3.2
East,Rail,May,183,2342,10.03,1244.48,0,3.33
West,Road,Jan,168,1916,7.42,784.96,0,2.77
East,Rail,Dec,395,2101,7.37,1739.51,0,3.33
East,Road,Sep,343,2283,8.49,1436.38,0,4.16
Central,Road,Mar,417,337,4.43,852.24,0,3.63
North,Road,Mar,453,742,5.29,923.14,1,3.96
East,Road,Feb,412,196,5.31,786.05,0,3.77
East,Road,Jun,468,61,4.44,929.14,0,4.52
East,Air,Oct,214,2095,6.16,2485.58,0,4.45
Central,Air,Aug,203,2345,4.83,2426.51,0,4.55
South,Rail,Nov,167,431,5.17,537.86,0,4.56
Central,Air,May,125,1819,4.02,2018.12,0,3.68
South,Air,Apr,376,1360,4.01,1690.05,0,4.93
East,Road,Jun,360,219,6.01,912.75,0,3.41
East,Road,Mar,402,2293,8.6,1344.61,0,3.45
Central,Road,Dec,92,2184,8.83,935.64,0,3.4
East,Road,Mar,250,1440,8.68,986.6,1,3.01
South,Rail,Jun,118,1784,6.58,1131.15,1,3.39
North,Road,Jul,447,1023,6.33,1252.61,0,3.34
South,Road,Jan,141,1992,5.78,641.13,0,3.19
Central,Road,Jun,80,1140,4.83,466.83,0,4.62
North,Road,Jun,289,2473,7.34,1353.68,0,3.69
Central,Air,Apr,440,204,2.01,1027.2,0,5.0
East,Road,Feb,458,471,4.44,1098.01,0,4.2
North,Road,Jan,57,2423,7.24,999.22,1,2.28
South,Road,Jan,169,757,4.04,679.31,0,4.84
East,Road,Jun,85,811,5.99,445.59,0,3.68
South,Rail,Feb,160,1988,7.08,936.64,0,3.83
North,Road,Dec,271,513,7.94,662.04,1,2.55
West,Road,Mar,147,1308,5.54,781.96,1,4.33
West,Road,Aug,43,750,5.04,246.55,0,3.61
North,Air,Sep,259,534,1.84,1097.55,0,4.61
South,Rail,Jun,35,2412,10.03,1211.81,0,3.05
South,Rail,Nov,121,539,6.96,523.62,1,2.52
West,Rail,Feb,10,281,5.52,40.0,0,4.17
West,Rail,Mar,52,1701,6.0,695.63,0,4.77
West,Road,Apr,223,2174,7.61,1354.94,0,3.26
Central,Road,Feb,426,362,4.14,884.82,0,4.51
West,Road,Apr,389,1784,8.68,1072.3,1,1.23
South,Road,Apr,58,1374,6.7,739.83,1,3.15
North,Air,Oct,27,2083,4.93,1999.9,0,3.94
West,Road,Apr,175,361,2.27,630.89,0,4.25
Central,Rail,Nov,329,2440,8.03,1676.44,0,4.03
Central,Air,Oct,375,1566,5.56,2214.43,0,3.8
South,Road,Nov,413,2113,8.95,1495.86,0,3.13
South,Air,Feb,177,936,4.64,1319.7,1,3.42
North,Rail,Dec,92,2361,6.79,1458.29,0,2.65
North,Air,Aug,22,1584,4.41,1656.72,0,3.61
East,Road,Dec,81,360,5.51,139.16,0,4.52
East,Road,May,41,2311,5.53,895.7,0,2.82
South,Road,Dec,431,1999,7.61,1587.48,0,3.11
South,Road,Aug,141,785,5.51,708.62,0,3.77
Central,Road,Jan,413,1386,6.4,1183.01,0,4.75
East,Air,May,281,1000,2.0,1620.59,0,5.0
Central,Rail,Feb,274,1381,7.06,1231.93,0,3.34
Central,Road,Dec,232,2415,7.44,1525.8,0,4.28
South,Road,Apr,411,2252,7.78,1400.4,0,3.08
South,Road,Mar,31,578,4.13,243.31,1,4.3
Central,Road,Jul,55,2430,6.95,866.27,0,2.92
West,Air,Jun,217,1122,3.85,1416.57,0,4.94
South,Road,Feb,203,1776,7.23,866.4,1,2.84
West,Road,Oct,277,1922,6.86,818.68,0,3.13
East,Rail,Nov,371,1233,6.98,1183.84,0,3.55
Central,Road,Sep,297,1168,6.22,1004.32,1,3.43
South,Road,Aug,136,1168,3.85,611.01,0,4.08
Central,Rail,May,170,2163,8.74,1478.45,0,3.58
Central,Rail,Jul,378,996,7.06,1155.41,0,3.33
North,Air,Jul,108,735,3.13,1085.82,0,4.85
North,Rail,Feb,257,935,7.67,942.97,0,3.76
East,Road,Jan,274,527,3.21,825.47,0,4.46
North,Rail,Apr,377,1009,5.11,1190.71,0,3.83
South,Air,Jun,360,329,3.34,1183.35,0,4.55
East,Rail,Feb,237,269,5.7,615.91,0,4.25
Central,Air,Feb,161,1823,4.93,2065.03,1,4.7
Central,Rail,Nov,190,239,5.1,556.56,0,4.59
North,Air,May,211,1442,4.99,1718.01,0,4.64
Central,Road,Aug,117,1960,7.79,922.2,0,5.0
North,Rail,Jul,316,1824,8.59,1641.53,0,3.59
West,Road,Sep,112,1142,5.42,586.75,0,4.27
Central,Rail,Sep,327,524,4.17,923.54,0,4.67
Central,Rail,Apr,378,2330,9.74,1838.33,0,2.5
South,Air,Nov,481,2096,7.08,2964.03,0,3.4
Central,Air,May,68,1549,4.81,1592.91,0,3.86
North,Road,Nov,382,262,4.14,555.19,0,4.64
East,Rail,May,52,136,5.78,285.0,0,3.83
East,Rail,Feb,175,822,7.22,452.46,0,3.69
South,Road,Oct,96,435,6.19,554.69,0,4.44
North,Road,Jan,89,2157,6.2,902.64,0,4.31
West,Road,Oct,95,554,4.58,532.16,0,4.1
South,Rail,Jan,31,742,6.68,319.35,0,3.36
West,Road,Mar,413,2440,8.26,1364.1,0,4.01
East,Air,Aug,39,2054,3.7,2025.09,0,4.81
South,Road,Dec,205,585,5.51,615.47,1,2.56
Central,Air,May,352,989,4.57,1539.72,0,4.02
North,Road,Feb,495,1313,6.86,1370.06,0,3.78
West,Rail,Mar,428,1677,8.37,1848.29,0,3.79
West,Road,Nov,77,2343,7.06,1016.64,1,3.6
South,Rail,Sep,493,2184,10.49,1961.94,0,3.05
South,Air,Feb,330,2444,5.12,2969.87,0,4.39
North,Air,May,97,149,1.64,561.24,1,4.32
Central,Air,Apr,229,629,3.22,1030.49,0,4.12
Central,Road,Mar,459,1429,7.74,1083.33,1,2.8
South,Road,Nov,202,170,2.99,466.97,0,4.55
North,Road,Aug,99,920,4.02,626.61,0,4.3
North,Road,Mar,438,426,3.34,874.82,0,3.43
North,Rail,Aug,476,2335,9.23,1844.64,0,2.95
Central,Rail,May,488,205,5.06,952.39,1,3.57
Central,Rail,Jan,478,413,6.07,1280.84,0,3.71
North,Air,Jun,437,528,4.19,1426.73,1,3.59
West,Rail,Mar,232,414,5.27,736.38,0,4.31
North,Air,Mar,104,1442,4.32,1634.59,0,3.66
South,Road,Nov,312,942,5.54,914.73,1,2.54
East,Road,Sep,118,2285,8.0,996.61,0,3.25
West,Rail,Feb,241,689,6.79,642.18,1,3.58
Central,Air,Nov,331,1366,3.8,1637.83,0,5.0
North,Road,Jul,473,1667,7.06,1444.51,0,4.08
North,Road,Nov,151,1583,7.44,860.58,0,2.76
South,Rail,Sep,133,2001,8.35,1259.91,0,3.24
South,Road,May,370,544,4.0,1092.76,0,4.46
Central,Road,Jul,13,1293,6.33,674.7,0,3.9
West,Air,Jul,287,2011,4.23,2281.74,0,4.57
South,Rail,Sep,375,2164,10.14,1573.33,0,2.47
Central,Road,Mar,279,1563,7.68,1103.74,1,3.0
East,Air,Apr,198,1647,4.88,2217.53,0,4.36
East,Road,Mar,415,2167,7.98,1649.71,1,3.35
East,Air,Apr,191,1580,4.27,1975.13,1,3.27
North,Road,Feb,358,2374,8.67,1385.07,0,3.1
Central,Rail,Jan,237,362,5.47,540.42,0,2.51
North,Road,Dec,23,902,5.38,481.67,0,3.68
North,Road,Jan,269,324,5.73,524.32,0,3.65
South,Air,Nov,34,271,1.7,351.49,0,4.27
South,Road,Jan,466,1206,5.94,1261.83,0,3.98
North,Road,Oct,304,603,4.14,994.25,0,4.26
North,Road,Apr,192,1047,4.66,692.14,0,2.93
West,Rail,Jul,248,1122,5.13,677.49,0,4.19
Central,Air,Apr,313,1571,5.47,2112.83,0,3.49
North,Air,Jun,137,2366,7.29,2367.12,0,3.86
South,Road,Jun,151,2131,8.61,991.22,0,2.6
East,Road,Jul,215,976,4.05,744.4,1,3.78
Central,Road,May,136,847,6.04,541.06,0,3.72
West,Rail,Jul,381,1938,9.84,1630.84,0,3.2
West,Air,Oct,60,352,1.98,315.86,0,4.83
East,Rail,Jun,415,1374,7.79,1309.56,0,3.35
East,Rail,May,180,1086,4.74,915.48,0,3.31
North,Road,Feb,284,497,5.41,661.61,0,3.2
Central,Air,May,87,1560,3.16,1442.54,1,3.63
Central,Road,Feb,198,835,5.63,762.13,0,3.96
North,Road,Mar,379,504,3.8,1043.17,0,4.03
West,Road,Dec,142,1650,7.02,820.2,0,4.0
North,Road,Feb,74,476,5.67,115.7,0,3.8
West,Road,Jun,265,1698,6.03,1146.12,0,3.34
Central,Road,Nov,89,447,3.5,170.11,0,4.28
North,Road,Dec,164,1115,3.6,741.76,0,4.53
East,Rail,Feb,230,2029,7.94,1194.1,1,3.08
North,Road,Feb,286,610,4.73,633.62,1,4.64
East,Road,May,323,1930,5.72,1182.37,0,3.57
Central,Air,Jul,341,1818,5.61,2303.0,0,3.93
North,Rail,Dec,423,2261,8.52,1663.5,0,3.56
South,Road,Mar,42,463,3.48,360.14,1,3.87
Central,Road,Feb,187,1802,6.24,898.67,0,3.55
South,Air,Apr,10,2344,6.24,2320.22,0,2.97
North,Road,Nov,14,1919,7.18,709.64,0,3.34
East,Road,Jan,114,510,4.65,349.49,0,3.59
East,Air,May,303,2064,6.04,2374.09,0,2.92
West,Road,Feb,448,312,4.08,777.3,1,3.31
South,Rail,Feb,389,1492,7.83,1406.89,1,2.35
Central,Rail,Dec,326,1269,7.48,1126.85,1,3.32
East,Rail,Jan,391,1351,7.13,1034.54,0,3.96
South,Road,Apr,94,1322,6.33,576.51,0,3.31
Central,Road,Nov,421,127,4.14,762.78,0,4.15
Central,Road,Aug,446,1295,7.15,1455.38,0,2.6
East,Road,Jan,56,2345,7.83,674.97,0,3.21
North,Air,Jun,240,1119,1.01,1341.14,0,5.0
East,Road,Dec,416,728,6.95,1175.4,0,4.12
East,Rail,May,243,2487,5.85,1670.01,0,3.52
North,Rail,Jul,421,292,5.54,860.2,0,4.56
West,Rail,Jul,468,1241,8.64,1337.95,0,2.47
Central,Road,Aug,242,1305,5.88,976.05,0,3.22
North,Road,Mar,39,1220,4.16,231.95,1,4.12
West,Air,Nov,176,2308,4.39,2245.66,0,5.0
North,Rail,Dec,115,1083,7.63,681.51,1,3.24
West,Air,Feb,242,2434,3.89,2887.19,0,4.32
East,Air,Oct,297,213,3.89,749.01,0,3.14
North,Rail,Oct,237,1848,7.91,1252.91,0,2.35
Central,Road,Sep,105,1502,4.99,850.65,1,3.62
North,Rail,May,157,639,5.48,866.03,0,3.8
East,Road,Jun,342,608,4.41,803.78,0,3.62
North,Rail,Nov,23,1813,8.31,839.58,0,3.41
Central,Air,Feb,114,1612,5.09,1949.65,0,4.14
West,Road,Oct,447,1547,5.28,1161.04,0,4.56
Central,Road,Dec,58,174,3.77,354.91,0,4.44
East,Road,Sep,213,1514,5.57,790.4,0,4.65
East,Air,May,111,2454,6.85,2495.7,0,3.7
West,Road,Jul,61,92,2.72,183.29,0,4.54
West,Road,Jan,217,1199,7.6,710.34,0,4.11
Central,Road,Dec,265,1261,6.16,812.33,1,2.76
North,Road,May,96,2247,6.06,955.07,1,4.86
West,Road,Jan,48,742,4.29,503.46,0,4.46
North,Road,Oct,75,1215,4.9,558.93,0,4.33
South,Road,Aug,329,1807,5.84,1217.71,0,4.2
Central,Road,Aug,431,197,5.13,978.44,0,5.0
South,Road,Jan,98,2012,5.66,738.41,0,4.39
West,Road,Oct,166,2064,4.94,1081.76,0,3.23
East,Road,Aug,178,1813,6.41,1037.62,1,4.01
South,Rail,Oct,186,1638,5.75,1377.44,0,3.75
South,Road,Oct,129,1881,6.02,826.37,1,3.38
East,Road,Mar,37,1965,5.78,676.13,0,3.22
West,Road,Mar,267,2263,6.75,1326.78,0,4.0
West,Road,Dec,185,1099,7.78,835.99,1,2.58
Central,Road,Jul,177,1167,5.92,679.49,0,3.95
Central,Road,Jun,139,1612,6.66,760.42,1,3.03
West,Air,Apr,465,523,1.8,1447.64,0,5.0
West,Road,Aug,309,2147,6.9,1175.99,0,4.77
South,Road,Oct,215,1937,7.26,993.84,0,3.63
East,Road,Jan,110,1596,5.3,762.55,0,4.07
North,Road,Jul,402,789,6.73,1154.81,0,3.51
South,Road,Dec,445,901,4.87,1073.75,1,4.19
Central,Rail,Apr,25,1115,6.16,344.91,1,3.11
East,Air,Apr,465,1673,4.64,2187.71,0,3.95
