,Region,Transport_Mode,Month,Shipment_Volume,Distance_KM,Delivery_Time_Days,Transport_Cost,Delayed,Customer_Satisfaction
count,500,500,500,500.0,500.0,500.0,500.0,500.0,500.0
unique,5,3,12,,,,,,
top,East,Road,Feb,,,,,,
freq,110,271,55,,,,,,
mean,,,,250.334,1312.786,5.908880000000001,1133.14714,0.224,3.7756399999999997
std,,,,138.77889467499887,721.2412815253663,1.7371863395608178,584.2265931217456,0.4173396035477328,0.6575705196986507
min,,,,10.0,61.0,1.0,40.0,0.0,1.23
25%,,,,136.0,649.5,4.797499999999999,726.6475,0.0,3.33
50%,,,,237.0,1304.5,5.8100000000000005,1016.55,0.0,3.76
75%,,,,371.5,1979.25,7.13,1404.0625,0.0,4.27
max,,,,499.0,2491.0,10.78,3252.42,1.0,5.0
