Transport_Mode,Region,Priority,Shipment_Volume,Distance_KM,Warehouse_Processing_Hours,Weather_Disruption,Peak_Period,Transport_Cost,Delivery_Time_Days,Delayed
Rail,North,Standard,313,1719,6.94,0,0,1277.25,7.41,1
Road,East,Standard,416,752,10.33,0,0,1181.25,5.9,0
Air,West,Standard,323,697,1.0,0,1,1361.1,4.46,0
Rail,East,Standard,301,368,11.83,0,0,960.11,7.7,1
Road,South,Standard,239,60,12.41,0,1,611.84,4.58,0
Air,Central,Standard,129,1277,8.09,0,0,1222.91,5.7,0
Rail,South,Standard,147,2467,9.68,0,0,1403.21,9.4,1
Rail,West,Standard,375,589,9.68,0,0,1185.13,5.75,0
Road,East,Standard,44,1128,6.07,1,1,654.74,5.98,0
Road,North,Standard,51,2342,9.64,0,0,965.17,7.04,1
Road,East,Standard,204,1942,5.57,0,0,907.35,7.28,1
Air,North,Standard,389,59,6.17,0,1,800.66,3.89,0
Rail,Central,Standard,331,1276,11.38,0,0,1434.77,8.69,1
Air,West,Standard,299,400,10.92,0,0,895.87,3.69,0
Road,South,Express,271,655,5.88,1,0,668.12,5.51,0
Road,East,Standard,64,653,5.8,0,0,523.89,4.77,0
Rail,West,Express,172,1550,6.06,0,0,978.92,7.01,1
Road,South,Standard,48,537,10.2,0,0,295.76,5.56,0
Air,South,Standard,381,667,5.0,0,1,1497.45,4.16,0
Rail,East,Standard,377,603,9.07,0,0,1086.85,7.65,1
Rail,South,Express,136,924,10.24,0,0,726.55,6.04,0
Road,West,Standard,153,1657,7.74,0,1,766.84,7.21,1
Air,North,Standard,165,1029,11.03,0,0,1550.19,4.41,0
Air,Central,Standard,445,852,7.09,0,0,1629.13,5.34,0
Rail,South,Standard,249,1318,7.36,1,0,1217.46,9.05,1
Road,East,Standard,383,1556,5.07,0,0,1306.83,6.51,0
Road,North,Standard,229,87,11.05,0,0,552.09,5.82,0
Road,South,Standard,352,2231,5.7,0,1,1308.79,10.35,1
Road,West,Express,268,2295,9.05,0,1,1413.32,8.64,1
Rail,South,Standard,146,1526,7.79,0,0,1132.19,8.68,1
Rail,North,Standard,439,1457,4.84,0,0,1240.68,8.65,1
Air,East,Express,357,1751,6.17,0,1,2291.95,5.36,0
Road,North,Standard,386,1130,12.15,0,0,1161.96,7.25,1
Road,South,Standard,474,945,8.6,0,1,1133.12,6.58,0
Road,East,Standard,131,914,4.97,0,0,634.52,5.35,0
Road,East,Standard,54,441,8.92,0,0,249.48,4.66,0
Road,West,Standard,295,2110,7.56,0,1,1201.27,8.5,1
Road,West,Standard,169,835,18.36,0,0,704.87,6.59,0
Road,Central,Express,223,746,8.86,0,0,706.55,5.0,0
Rail,North,Standard,124,2412,6.86,0,1,1268.79,10.19,1
Road,South,Standard,205,1291,12.26,0,0,811.02,7.05,1
Air,North,Standard,202,1573,2.48,0,0,1942.54,3.33,0
Rail,North,Standard,181,651,8.28,1,0,767.24,7.58,1
Road,South,Express,373,729,13.98,0,0,1237.51,5.05,0
Air,East,Standard,300,1834,7.65,0,0,2209.41,6.05,0
Air,Central,Standard,242,1154,2.8,0,0,1445.42,4.46,0
Road,West,Standard,65,411,6.81,0,0,549.54,4.99,0
Road,West,Standard,289,2097,12.36,0,1,1224.29,8.8,1
Rail,West,Standard,95,1036,9.13,0,0,708.63,7.3,1
Road,North,Express,163,1687,5.48,1,0,956.3,7.28,1
Road,Central,Standard,213,886,5.94,0,0,625.85,4.94,0
Road,Central,Express,79,1423,6.32,0,1,747.08,6.96,0
Rail,North,Standard,200,1950,9.08,0,0,1310.17,9.31,1
Rail,East,Express,140,2218,12.01,0,1,1407.92,10.16,1
Rail,Central,Express,426,557,11.16,1,0,1216.44,7.68,1
Rail,East,Express,431,1697,9.37,1,0,1681.24,10.47,1
Road,Central,Standard,12,2290,4.01,1,1,770.61,9.2,1
Rail,Central,Standard,305,1624,4.02,0,1,1169.51,9.07,1
Road,East,Standard,323,400,9.6,0,0,1048.1,5.3,0
Road,North,Standard,195,514,3.96,0,0,442.39,4.72,0
Rail,South,Standard,239,546,7.32,0,0,624.36,4.74,0
Road,South,Express,397,310,8.91,0,0,987.34,4.67,0
Rail,East,Express,195,1896,4.59,0,1,1340.35,8.24,1
Rail,East,Standard,41,2414,4.93,0,1,1135.25,9.12,1
Rail,East,Standard,192,1316,7.72,1,0,1083.59,10.3,1
Rail,North,Express,134,1517,9.51,0,0,779.79,6.48,0
Rail,South,Express,197,1945,11.18,1,0,1215.89,9.39,1
Road,West,Standard,122,1068,9.82,0,0,497.26,5.68,0
Road,North,Standard,83,1207,8.22,0,0,719.31,5.86,0
Road,South,Express,492,1493,5.76,0,0,1237.33,7.22,1
Road,Central,Standard,73,796,4.79,0,0,347.07,6.2,0
Road,North,Standard,355,201,6.47,0,0,855.86,4.54,0
Air,East,Express,361,1441,9.23,0,1,2117.03,5.19,0
Road,South,Express,312,2064,9.01,0,0,1262.52,6.62,0
Road,North,Express,456,229,1.7,1,0,993.34,6.39,0
Road,East,Express,12,580,5.64,0,0,373.01,4.91,0
Road,East,Standard,157,694,11.61,0,0,635.81,5.96,0
Rail,North,Standard,100,2021,8.24,0,0,990.89,7.56,1
Rail,North,Standard,292,1286,3.75,0,0,1159.06,6.32,0
Rail,North,Standard,321,1359,15.07,0,0,1354.1,8.94,1
Rail,West,Standard,449,1630,7.91,0,0,1631.23,8.98,1
Road,Central,Standard,196,727,9.15,0,1,739.5,5.21,0
Air,North,Standard,125,1798,9.2,0,0,1795.94,5.44,0
Road,South,Standard,462,124,6.9,0,0,1038.13,6.31,0
Road,South,Standard,339,328,5.82,0,0,806.17,4.96,0
Road,South,Standard,384,2048,14.37,1,1,1401.62,12.26,1
Rail,South,Standard,228,1662,11.01,0,0,1179.79,9.04,1
Road,North,Standard,229,482,10.47,0,1,639.89,5.75,0
Road,East,Express,200,1124,9.73,0,0,920.89,5.64,0
Road,South,Standard,377,176,4.99,0,0,678.27,4.76,0
Road,South,Standard,113,1696,11.83,0,0,765.96,6.85,0
Rail,South,Express,487,1901,5.47,0,0,1652.11,7.4,1
Road,Central,Standard,96,732,8.85,0,0,698.03,6.68,0
Road,West,Standard,235,907,3.08,0,0,869.71,4.77,0
Road,East,Standard,164,630,1.88,0,0,389.89,5.49,0
Rail,South,Standard,324,1003,8.95,1,0,1236.62,8.7,1
Road,Central,Standard,343,717,5.57,0,0,1054.53,5.67,0
Road,Central,Standard,460,655,2.03,0,0,948.32,5.78,0
Road,North,Standard,396,1104,9.62,1,1,906.39,8.77,1
Air,Central,Standard,131,2154,14.36,0,0,2269.98,7.27,1
Air,West,Standard,111,1918,12.17,0,1,2132.93,5.56,0
Rail,North,Standard,444,778,7.23,0,0,1361.85,7.5,1
Road,West,Express,249,2359,8.03,0,1,1157.0,6.7,0
Air,North,Standard,57,564,10.66,0,1,938.13,4.46,0
Rail,North,Standard,414,2281,11.37,0,0,1541.45,10.56,1
Rail,North,Standard,327,807,6.97,0,1,975.45,8.2,1
Road,East,Standard,22,1373,8.1,0,0,541.14,5.46,0
Road,West,Standard,393,547,8.9,0,0,1105.51,5.12,0
Road,East,Express,307,1916,9.66,0,1,1364.83,7.59,1
Air,North,Express,311,828,7.6,0,0,1483.93,3.78,0
Road,North,Standard,433,2187,7.64,1,0,1369.8,8.46,1
Road,Central,Standard,252,253,12.14,0,0,786.9,5.6,0
Road,Central,Express,236,1279,11.63,0,0,1006.51,6.61,0
Rail,West,Standard,312,438,9.43,0,0,704.04,6.48,0
Road,North,Standard,106,2227,13.16,0,0,808.63,8.85,1
Air,Central,Standard,84,1071,6.84,0,0,1305.36,4.33,0
Rail,West,Standard,423,1702,12.87,1,0,1556.54,10.39,1
Rail,East,Standard,115,2204,9.63,0,0,1080.78,7.67,1
Road,North,Standard,257,1362,17.81,0,0,1055.57,8.13,1
Rail,Central,Express,142,190,4.42,0,0,474.23,3.96,0
Rail,East,Standard,122,590,5.93,0,0,562.63,5.69,0
Rail,North,Standard,302,571,9.26,0,0,747.75,7.17,1
Road,South,Standard,403,2289,9.19,0,1,1686.49,10.47,1
Road,East,Standard,226,2275,13.85,0,1,1340.13,9.66,1
Road,North,Standard,77,1218,5.99,0,0,578.35,6.37,0
Road,South,Standard,129,2230,10.71,1,0,1001.34,8.72,1
Road,East,Standard,90,652,11.49,0,1,566.38,6.79,0
Road,Central,Standard,442,1714,10.11,0,1,1299.5,8.74,1
Road,North,Standard,166,1010,5.12,0,0,728.44,6.59,0
Rail,East,Standard,193,639,12.22,0,0,640.08,6.72,0
Road,Central,Standard,44,662,11.69,1,0,449.99,7.1,1
Air,Central,Standard,228,1078,9.8,0,0,1365.03,5.58,0
Rail,Central,Express,457,882,8.61,0,1,1166.38,7.58,1
Road,North,Express,210,567,8.68,0,0,847.12,4.1,0
Rail,Central,Standard,329,868,7.76,1,0,1052.7,10.45,1
Road,Central,Standard,99,365,9.92,0,0,470.46,4.44,0
Air,South,Standard,80,2425,8.09,0,1,2157.05,7.16,1
Road,East,Standard,368,980,5.45,0,0,974.84,6.37,0
Rail,East,Standard,42,313,4.85,0,1,365.0,6.36,0
Road,East,Standard,229,1460,5.74,1,0,954.95,7.99,1
Road,South,Standard,165,2213,8.67,0,0,851.4,7.89,1
Road,Central,Standard,17,931,7.92,0,0,469.49,5.49,0
Air,Central,Standard,270,2120,8.65,0,0,2464.12,5.6,0
Rail,South,Standard,482,1546,9.5,1,1,1710.28,12.54,1
Road,Central,Express,43,1861,6.12,0,0,669.84,6.06,0
Road,South,Express,409,775,12.4,0,0,892.06,6.48,0
Road,West,Standard,274,140,7.2,1,0,557.29,6.13,0
Road,East,Express,364,897,6.7,0,0,907.25,5.2,0
Road,East,Standard,57,2314,9.45,1,0,992.96,9.24,1
Road,North,Express,435,1987,2.49,0,0,1129.09,5.65,0
Air,West,Express,15,1971,5.63,0,0,1792.3,4.45,0
Air,South,Standard,454,2201,10.94,0,0,2974.66,6.88,0
Road,South,Express,332,964,2.79,0,0,942.92,5.82,0
Rail,North,Express,175,838,11.35,0,0,899.1,5.72,0
Road,Central,Express,13,2316,12.53,0,0,711.73,7.25,1
Rail,North,Express,309,1450,6.89,1,0,1065.02,8.08,1
Road,West,Standard,52,779,8.88,0,0,619.0,6.62,0
Rail,Central,Standard,308,731,11.36,0,0,1005.07,6.75,0
Rail,North,Express,388,2199,6.6,0,1,1651.54,9.68,1
Rail,East,Standard,140,180,10.6,0,1,380.62,7.56,1
Road,East,Standard,126,201,5.99,0,0,420.42,4.41,0
Air,South,Standard,118,1857,6.57,0,0,1810.13,4.45,0
Road,West,Standard,120,53,5.6,0,0,473.55,3.27,0
Road,East,Standard,65,468,9.03,0,0,684.6,5.78,0
Rail,East,Standard,132,2477,11.47,0,0,1408.79,8.83,1
Road,East,Standard,333,1092,7.45,0,0,962.84,6.75,0
Air,Central,Standard,158,1832,4.19,1,1,1694.3,7.54,1
Air,West,Express,392,1243,4.75,0,0,1682.02,4.35,0
Road,South,Standard,411,271,9.18,0,0,1101.9,5.92,0
Air,Central,Standard,382,501,13.53,0,0,1187.65,4.07,0
Road,Central,Standard,274,1914,9.18,0,0,1136.45,7.16,1
Road,Central,Express,164,281,6.84,0,0,571.41,4.62,0
Road,West,Standard,465,1506,10.3,1,0,1543.39,8.79,1
Air,South,Standard,110,902,7.28,1,0,1086.56,3.59,0
Road,West,Standard,237,957,6.87,0,1,779.04,7.26,1
Road,South,Standard,232,2383,5.12,0,1,1200.05,8.05,1
Road,South,Standard,375,1534,12.23,0,0,1206.51,8.17,1
Air,East,Express,277,1557,1.0,0,1,1826.97,5.65,0
Air,Central,Standard,401,908,10.39,0,0,1678.62,5.01,0
Rail,East,Standard,460,984,6.61,0,1,1320.54,8.96,1
Air,South,Express,201,1730,6.77,0,0,2173.05,4.82,0
Air,East,Standard,438,145,13.08,0,0,1122.5,5.34,0
Road,South,Express,93,631,5.86,0,0,588.47,3.65,0
Road,West,Standard,458,1520,5.96,0,0,1236.67,7.19,1
Rail,South,Standard,97,1577,7.61,0,0,972.76,8.24,1
Rail,East,Express,426,276,9.24,0,0,929.2,5.8,0
Road,South,Standard,201,1980,6.67,0,0,1082.39,8.29,1
Road,South,Standard,482,1379,3.28,0,0,1387.16,6.39,0
Rail,Central,Express,73,632,5.4,0,0,503.28,6.74,0
Road,South,Standard,238,1892,11.84,0,1,1373.53,10.35,1
Air,North,Standard,451,2477,8.22,0,0,3177.19,7.44,1
Road,South,Standard,33,1087,9.35,0,1,651.72,7.29,1
Road,East,Standard,139,744,7.22,0,0,673.21,6.36,0
Air,North,Standard,50,783,6.02,0,0,1067.1,2.73,0
Road,South,Standard,167,1501,13.03,0,0,770.81,6.55,0
Road,North,Express,201,166,7.44,0,0,679.56,4.97,0
Rail,East,Standard,313,1234,6.67,0,0,1048.59,7.75,1
Air,West,Standard,136,110,11.29,0,1,461.15,3.99,0
Road,Central,Express,87,144,5.83,0,0,382.69,3.63,0
Road,South,Standard,93,1103,6.22,0,0,732.42,4.19,0
Rail,Central,Express,469,1876,8.03,0,0,1555.13,8.19,1
Air,South,Standard,477,2214,8.0,0,0,2801.55,6.33,0
Road,West,Express,118,264,8.78,0,0,452.06,4.88,0
Road,East,Standard,105,647,14.28,0,1,563.77,7.69,1
Road,West,Standard,36,1083,9.01,0,0,619.93,6.47,0
Road,West,Express,480,1456,1.0,0,0,1657.27,6.1,0
Road,East,Standard,356,2468,8.98,0,0,1507.96,7.78,1
Rail,South,Standard,382,1726,8.11,0,0,1392.9,9.05,1
Road,East,Standard,152,1368,8.13,0,1,673.09,7.87,1
Road,Central,Standard,324,199,8.74,0,1,741.37,6.92,0
Rail,Central,Standard,39,247,7.91,0,0,225.27,7.13,1
Rail,Central,Standard,341,425,7.84,0,1,946.38,6.13,0
Road,North,Standard,294,1668,9.84,0,0,1190.43,7.31,1
Air,East,Standard,172,861,6.37,0,0,1121.67,3.45,0
Rail,North,Standard,358,640,5.16,0,0,1181.86,6.67,0
Rail,West,Standard,326,1691,17.07,0,0,1373.95,9.6,1
Road,Central,Standard,225,2047,5.85,0,0,1082.24,7.37,1
Road,North,Standard,101,1125,8.3,0,0,713.62,6.89,0
Air,West,Standard,21,2210,3.51,0,0,2118.54,4.61,0
Road,Central,Standard,469,1848,8.35,0,1,1605.99,8.1,1
Road,Central,Standard,147,1804,5.2,1,1,929.87,8.5,1
Road,South,Standard,157,2175,6.67,0,0,1127.72,7.44,1
Rail,North,Standard,343,500,11.14,0,0,897.94,6.19,0
Air,Central,Standard,135,1908,9.42,0,0,2117.27,5.85,0
Road,Central,Standard,194,2396,9.71,0,0,1268.21,8.37,1
Air,East,Standard,358,2481,2.69,0,0,2975.6,5.82,0
Road,Central,Express,301,1466,13.51,1,0,970.44,9.16,1
Rail,North,Standard,331,1898,4.42,0,0,1317.47,8.29,1
Rail,West,Standard,12,2227,12.59,0,0,1154.83,9.97,1
Road,North,Standard,231,2137,11.06,0,0,916.57,8.2,1
Road,Central,Standard,242,2249,9.73,0,0,1267.64,8.34,1
Road,West,Standard,319,2089,5.44,0,1,1367.55,8.14,1
Air,Central,Standard,84,984,8.45,0,0,1086.11,4.23,0
Rail,East,Standard,88,1839,6.59,0,0,951.27,8.53,1
Air,North,Standard,383,1055,8.09,0,0,1601.31,4.61,0
Air,North,Express,339,2014,7.25,0,0,2388.55,5.85,0
Road,South,Express,407,2035,1.88,0,0,1311.28,6.11,0
Rail,West,Standard,142,2339,11.37,1,0,1255.59,11.53,1
Road,North,Standard,498,1491,7.76,0,0,1347.88,7.05,1
Road,Central,Express,143,1214,6.55,0,0,701.38,6.07,0
Air,South,Standard,328,455,6.32,0,0,1059.23,3.69,0
Rail,East,Express,89,1613,9.08,1,0,1122.41,9.86,1
Road,South,Standard,460,1437,5.32,0,0,1278.13,6.19,0
Road,East,Express,172,1311,1.23,0,0,786.24,3.98,0
Rail,East,Express,403,1706,9.22,0,0,1447.91,7.65,1
Air,North,Standard,172,2135,9.56,1,0,2223.76,6.85,0
Rail,East,Standard,397,414,7.4,0,0,815.79,5.59,0
Road,West,Standard,232,1106,4.56,0,0,672.51,6.37,0
Road,Central,Standard,40,1819,8.27,0,0,619.29,7.11,1
Road,South,Standard,103,2058,3.61,0,0,885.77,6.69,0
Rail,Central,Express,344,1957,4.92,1,0,1565.26,9.04,1
Air,Central,Standard,104,2008,5.75,0,0,1842.41,5.1,0
Road,Central,Standard,144,2144,10.53,0,0,975.53,9.26,1
Road,South,Express,275,2406,6.91,0,1,1153.61,7.9,1
Road,Central,Standard,133,1539,6.66,0,1,777.16,6.54,0
Rail,East,Standard,73,659,13.86,0,1,700.74,8.45,1
Air,North,Express,315,1430,9.06,0,0,1876.89,4.61,0
Road,South,Standard,347,1788,9.02,0,0,1255.96,9.2,1
Road,West,Standard,369,296,6.89,0,0,1004.61,4.89,0
Rail,North,Standard,472,1904,6.21,1,0,1713.82,10.94,1
Road,East,Express,71,1383,1.44,0,0,526.34,5.71,0
Air,West,Standard,219,2343,10.91,0,0,2568.8,6.54,0
Road,North,Standard,124,568,9.34,0,0,460.53,4.97,0
Road,East,Standard,451,2271,7.46,1,0,1599.25,10.55,1
Air,South,Standard,274,1147,7.59,0,0,1648.17,5.16,0
Road,East,Express,58,1455,10.21,0,0,551.37,5.14,0
Road,South,Standard,349,1667,3.34,0,1,1190.93,6.89,0
Road,Central,Express,31,1468,6.23,1,0,594.29,5.32,0
Road,North,Standard,144,2264,4.59,1,0,1059.1,9.46,1
Road,Central,Standard,363,459,13.31,0,1,1041.9,6.91,0
Road,West,Express,257,1838,10.63,0,0,1185.55,7.06,1
Road,Central,Standard,382,2438,1.39,0,0,1395.64,6.7,0
Road,Central,Standard,289,589,3.46,0,0,864.14,4.35,0
Rail,North,Express,423,674,7.6,0,0,1043.94,6.0,0
Rail,Central,Standard,285,1213,6.58,0,0,959.21,6.99,0
Road,East,Standard,37,1825,4.03,0,1,374.64,7.47,1
Road,Central,Express,44,2399,13.83,1,0,957.85,9.92,1
Road,Central,Standard,390,1999,8.94,0,1,1309.94,10.56,1
Air,East,Standard,28,1995,9.42,0,1,1957.37,6.59,0
Air,South,Standard,194,1130,5.92,0,0,1232.42,5.15,0
Road,North,Standard,17,1631,10.17,0,0,602.53,6.43,0
Road,North,Standard,158,567,6.86,0,0,622.97,4.07,0
Road,South,Standard,301,1184,7.15,1,0,891.74,7.77,1
Road,Central,Standard,94,512,9.83,0,0,522.42,4.29,0
Rail,East,Standard,238,116,3.11,0,0,504.11,5.25,0
Road,East,Standard,498,2148,12.79,0,1,1652.67,9.35,1
Road,South,Standard,44,2021,8.55,0,0,865.67,6.1,0
Road,East,Standard,41,1301,11.84,1,0,727.69,9.48,1
Road,West,Standard,142,85,4.77,0,0,402.19,3.84,0
Road,Central,Standard,415,270,5.23,0,0,832.0,3.95,0
Air,West,Standard,208,323,4.51,0,1,707.49,4.41,0
Road,West,Express,323,1806,8.75,0,1,1285.98,7.31,1
Air,Central,Standard,26,548,8.2,0,0,569.85,4.18,0
Road,East,Standard,370,662,6.61,1,0,942.62,6.77,0
Air,Central,Express,43,2159,4.96,0,0,1999.24,4.45,0
Air,South,Standard,358,2197,4.2,1,0,2587.72,7.86,1
Air,North,Standard,82,1919,7.85,0,0,1828.17,6.01,0
Air,East,Standard,430,808,6.6,0,1,1378.64,5.77,0
Rail,North,Standard,155,1470,5.94,1,0,1013.61,8.95,1
Rail,North,Standard,100,540,12.64,0,1,678.03,7.98,1
Rail,Central,Standard,174,2151,7.75,0,0,1091.49,9.35,1
Road,West,Standard,10,257,11.81,1,0,323.95,6.73,0
Road,South,Express,90,1873,6.4,0,0,929.76,6.26,0
Road,Central,Express,303,1303,8.73,1,0,1106.87,6.69,0
Air,North,Standard,157,1905,7.83,0,0,2002.82,6.14,0
Road,South,Standard,183,1154,2.91,1,0,648.94,7.23,1
Road,West,Standard,405,437,12.29,0,1,1021.81,6.73,0
Rail,South,Express,70,1890,7.59,0,0,1017.92,8.39,1
Road,West,Standard,203,1596,10.24,1,0,983.95,7.84,1
Road,Central,Standard,101,1188,5.74,0,0,623.77,7.1,1
Road,North,Standard,246,963,7.51,0,0,734.63,6.1,0
Road,North,Standard,172,892,5.4,0,0,718.42,5.81,0
Road,Central,Standard,32,1228,11.71,0,0,642.41,6.34,0
Road,East,Standard,44,691,8.93,1,0,457.7,5.8,0
Road,East,Standard,427,741,9.1,0,0,1115.49,6.23,0
Road,East,Express,37,731,12.07,0,1,636.25,6.24,0
Road,East,Standard,393,81,11.47,0,0,823.03,6.02,0
Rail,West,Standard,458,2323,10.3,1,0,1972.44,11.34,1
Road,East,Standard,238,629,3.73,1,0,624.67,5.08,0
Air,North,Standard,162,454,5.91,1,1,911.32,4.48,0
Air,West,Standard,390,420,4.99,0,0,1273.22,4.99,0
Road,West,Standard,491,2471,10.18,0,1,1679.1,9.29,1
Road,North,Standard,69,1218,8.51,0,0,789.56,7.27,1
Road,South,Standard,482,850,3.83,0,0,1222.59,5.3,0
Air,West,Standard,472,1039,7.43,0,0,1752.16,4.84,0
Rail,West,Standard,79,266,3.52,0,0,313.14,5.64,0
Air,North,Standard,36,818,7.84,0,0,1028.18,3.24,0
Road,North,Standard,360,659,3.03,0,0,999.17,6.43,0
Rail,East,Standard,48,2017,9.59,0,0,918.12,8.65,1
Road,East,Standard,304,193,9.13,0,1,728.25,6.37,0
Rail,Central,Standard,41,1092,13.72,0,0,722.25,7.49,1
Road,East,Express,348,1985,10.54,1,0,1282.08,9.53,1
Rail,Central,Express,123,2092,6.73,0,0,1387.15,8.91,1
Air,South,Express,57,1305,10.45,1,0,1414.06,5.64,0
Road,East,Standard,42,595,3.81,0,0,349.89,5.89,0
Rail,North,Standard,102,875,5.11,0,0,756.11,5.96,0
Road,East,Standard,274,594,9.0,0,0,765.59,6.32,0
Rail,North,Express,47,1672,1.53,0,0,911.26,6.7,0
Road,East,Express,403,766,7.89,0,0,891.69,4.72,0
Air,South,Express,306,1595,4.94,0,0,1959.98,4.63,0
Road,North,Express,155,1656,8.3,0,1,995.13,7.2,1
Air,North,Standard,493,2352,4.77,1,0,3121.99,7.6,1
Air,East,Express,332,957,9.27,0,0,1473.25,4.35,0
Rail,Central,Express,339,2405,8.06,0,1,1561.8,9.79,1
Rail,North,Standard,95,1031,12.2,0,0,812.04,7.45,1
Rail,East,Express,358,1717,8.02,0,0,1358.96,7.81,1
Air,South,Standard,284,1670,5.69,0,1,2012.38,6.09,0
Road,Central,Express,492,2053,7.26,0,0,1651.47,7.29,1
Rail,East,Express,244,1199,3.97,0,1,935.68,7.23,1
Road,Central,Standard,342,1991,9.22,0,0,1114.52,7.65,1
Rail,South,Standard,177,920,9.77,1,1,698.09,11.35,1
Road,North,Standard,29,1253,15.41,1,1,635.21,8.43,1
Rail,East,Express,72,1274,6.13,0,0,561.52,5.96,0
Rail,West,Express,434,1775,7.2,1,1,1534.55,9.94,1
Road,Central,Standard,371,1564,6.27,0,0,1072.14,8.56,1
Road,Central,Express,188,241,8.64,0,0,717.44,3.4,0
Rail,Central,Standard,351,2032,9.15,1,0,1756.82,10.97,1
Rail,West,Standard,12,1907,7.84,0,0,797.64,8.31,1
Road,South,Standard,28,306,11.26,0,0,351.55,5.37,0
Rail,East,Standard,258,2406,6.15,0,0,1398.33,10.05,1
Air,North,Standard,316,1668,10.96,0,0,2113.65,6.92,0
Road,East,Standard,469,258,9.62,0,0,1226.04,5.42,0
Road,South,Standard,382,1253,7.96,0,1,1113.21,7.82,1
Road,North,Standard,136,2098,7.06,0,0,940.59,6.28,0
Rail,South,Express,409,735,15.28,0,1,1113.15,8.23,1
Road,East,Standard,250,2335,5.55,0,1,1328.91,8.23,1
Rail,South,Express,414,1075,8.89,0,0,954.91,6.96,0
Rail,Central,Standard,95,604,5.75,1,0,484.23,6.36,0
Road,East,Standard,22,923,13.36,0,1,504.82,7.42,1
Air,Central,Standard,38,1335,10.66,0,0,1319.85,3.77,0
Rail,West,Standard,495,1735,5.96,0,0,1726.8,8.71,1
Road,North,Standard,49,2323,9.54,0,1,1029.32,8.01,1
Road,South,Standard,470,527,8.77,0,0,973.09,5.45,0
Road,West,Standard,366,2402,6.45,0,0,1648.61,9.24,1
Road,East,Standard,81,1342,10.27,0,1,553.88,7.92,1
Road,South,Standard,433,363,9.17,0,0,1138.28,6.57,0
Air,East,Standard,80,2319,8.65,0,1,2288.6,8.2,1
Road,Central,Express,80,905,7.87,0,0,497.77,4.5,0
Road,South,Standard,292,1570,9.29,0,0,1067.99,8.41,1
Rail,North,Express,151,1760,8.69,0,0,1089.03,6.57,0
Rail,South,Express,152,82,8.18,0,0,472.17,5.47,0
Air,Central,Express,105,592,6.08,0,1,730.45,3.14,0
Rail,West,Express,307,1731,13.08,0,0,1367.1,7.76,1
Road,Central,Standard,23,845,4.85,0,0,327.12,5.58,0
Road,Central,Standard,130,72,9.28,0,0,292.48,5.39,0
Air,North,Standard,281,107,7.04,0,1,637.31,4.55,0
Rail,South,Express,248,2074,13.28,0,0,1307.51,9.0,1
Air,North,Standard,352,426,5.29,0,0,1051.38,3.61,0
Road,North,Standard,115,296,5.79,0,0,459.57,4.98,0
Air,Central,Express,327,1427,5.09,0,0,1911.83,4.5,0
Rail,Central,Standard,382,341,8.97,0,1,1146.12,7.79,1
Road,North,Standard,200,1650,3.88,0,1,699.76,7.57,1
Rail,West,Standard,135,1383,6.56,0,0,947.62,8.01,1
Rail,East,Standard,281,1639,1.54,0,0,1196.59,6.34,0
Road,North,Standard,293,1254,8.72,0,0,1098.0,6.71,0
Road,Central,Express,56,1956,6.5,0,0,859.52,5.46,0
Air,Central,Standard,286,1629,3.54,0,0,1969.71,5.21,0
Road,East,Standard,85,1067,11.26,0,0,653.09,7.57,1
Road,West,Standard,288,87,4.08,0,0,560.32,4.09,0
Road,South,Standard,466,720,10.39,0,1,1239.08,7.43,1
Road,West,Standard,273,372,5.9,0,0,519.34,5.58,0
Air,East,Express,383,88,12.8,0,0,1011.63,1.85,0
Rail,Central,Express,161,719,10.25,0,0,727.09,5.84,0
Road,North,Standard,462,556,4.98,0,0,1022.13,5.86,0
Air,North,Standard,408,238,5.25,0,0,1005.13,1.31,0
Air,Central,Standard,459,815,9.82,0,0,1635.3,4.22,0
Road,South,Standard,373,1291,7.21,1,0,1277.44,9.1,1
Air,South,Standard,328,486,7.49,0,0,1448.97,4.54,0
Road,West,Standard,267,719,11.82,0,1,975.37,7.38,1
Air,North,Standard,464,99,5.75,0,1,953.96,4.72,0
Rail,East,Express,425,173,8.27,0,0,1013.96,5.8,0
Rail,South,Standard,214,435,10.86,0,0,785.07,7.04,1
Road,North,Express,51,1159,10.43,0,0,502.98,5.47,0
Air,Central,Standard,11,1681,7.52,0,0,1476.68,5.13,0
Road,North,Express,124,1981,7.13,0,1,910.48,7.04,1
Road,North,Standard,40,1592,2.78,1,1,702.37,9.26,1
Road,West,Standard,113,1561,4.83,1,0,596.31,9.0,1
Rail,Central,Express,63,2342,8.96,0,0,1094.52,9.31,1
Road,North,Express,490,676,7.59,0,0,1235.41,5.18,0
Air,West,Standard,56,2005,8.22,0,0,1965.87,5.06,0
Rail,East,Standard,317,2345,11.12,1,1,1762.8,13.03,1
Road,Central,Standard,182,1441,4.44,1,0,696.12,8.22,1
Road,North,Standard,95,2109,7.29,0,0,1140.15,7.78,1
Road,Central,Standard,353,387,8.57,0,0,720.32,5.13,0
Rail,West,Express,485,2203,5.89,0,0,1597.6,8.89,1
Air,Central,Standard,397,1431,12.29,0,0,2088.3,5.27,0
Road,South,Standard,487,592,10.73,0,1,1067.47,7.67,1
Air,Central,Standard,299,200,8.87,0,0,843.13,4.48,0
Road,West,Standard,340,1813,13.38,0,0,1292.09,9.48,1
Air,North,Standard,81,1105,3.5,0,0,1172.41,4.3,0
Air,Central,Standard,427,809,7.98,0,0,1489.08,3.63,0
Rail,West,Standard,376,1006,9.1,0,0,1235.74,7.78,1
Rail,South,Standard,134,2477,5.26,0,0,1269.89,10.43,1
Air,East,Express,183,1098,8.9,0,0,1523.79,3.36,0
Road,South,Standard,309,243,4.68,0,0,702.11,4.74,0
Road,East,Express,16,735,10.07,0,1,317.25,6.71,0
Road,Central,Standard,410,406,11.17,0,0,833.64,6.47,0
Road,Central,Standard,147,1730,8.82,0,1,885.26,9.79,1
Rail,South,Standard,46,2010,2.44,0,0,819.5,7.18,1
Rail,Central,Standard,171,2110,5.1,0,0,1088.5,7.73,1
Air,East,Standard,419,1600,9.69,0,0,2301.99,6.87,0
Road,West,Standard,144,1932,8.06,0,0,768.63,6.63,0
Rail,West,Standard,274,1072,1.0,0,0,1104.38,6.38,0
Road,East,Standard,407,1587,11.73,0,0,1349.52,7.88,1
Road,East,Standard,26,312,8.41,0,1,291.28,6.31,0
Rail,East,Standard,382,1368,5.54,0,0,1201.19,8.19,1
Air,Central,Standard,151,1415,10.98,0,0,1725.74,5.67,0
Rail,South,Standard,350,126,5.97,0,1,782.26,6.36,0
Road,South,Standard,102,1393,5.93,0,0,634.18,7.14,1
Rail,South,Standard,78,1821,9.08,0,1,1015.31,11.91,1
Road,North,Standard,396,950,13.34,0,1,984.35,8.41,1
Air,South,Express,405,1385,12.87,0,1,1910.92,6.22,0
Rail,North,Standard,490,750,9.08,0,1,1176.77,7.36,1
Road,North,Standard,341,713,9.39,1,0,988.16,7.21,1
Road,West,Express,238,367,10.37,0,0,690.78,4.69,0
Road,North,Standard,105,853,4.23,0,1,644.53,5.68,0
Air,East,Express,154,2017,9.93,0,0,2063.58,5.44,0
Road,West,Express,327,2342,5.8,0,0,1407.1,8.73,1
Rail,West,Standard,179,1607,8.96,0,0,1073.13,9.02,1
Rail,East,Standard,246,1579,7.32,0,0,1077.09,7.92,1
Rail,North,Standard,92,1553,9.5,1,0,960.11,8.62,1
Road,Central,Express,225,1215,8.35,0,0,879.64,6.8,0
Air,Central,Standard,126,1086,1.0,0,1,1164.39,4.31,0
Road,West,Standard,64,1571,8.54,0,1,718.25,6.4,0
Rail,North,Standard,74,1971,9.93,0,0,1041.09,9.12,1
Rail,North,Standard,263,1063,9.34,0,0,1009.05,8.25,1
Rail,South,Express,189,1436,7.69,0,0,982.64,5.35,0
Air,North,Standard,58,1201,12.93,0,0,1198.22,4.5,0
Road,Central,Standard,262,749,8.93,0,0,831.94,5.92,0
Road,South,Express,90,761,9.31,0,0,458.94,5.53,0
Road,South,Standard,17,242,11.13,0,0,185.96,4.64,0
Road,Central,Standard,74,1127,9.09,0,0,588.17,5.64,0
Road,Central,Express,229,1795,5.31,0,0,1098.36,6.89,0
Road,South,Express,477,1729,1.0,0,0,1403.58,5.91,0
Road,South,Express,128,2464,6.57,0,0,1000.09,7.75,1
Road,East,Standard,149,147,10.28,1,0,420.15,5.73,0
Road,West,Standard,128,1913,6.94,0,0,966.23,6.32,0
Rail,Central,Standard,184,1997,10.4,0,0,1016.02,9.47,1
Rail,Central,Express,361,1119,8.45,0,0,1283.12,7.18,1
Road,Central,Standard,167,743,11.86,0,0,503.18,6.81,0
Road,North,Standard,332,924,7.11,1,1,832.72,8.1,1
Road,South,Standard,450,1722,9.4,0,0,1369.76,7.37,1
Rail,East,Standard,473,2162,9.52,0,0,2017.85,10.61,1
Road,North,Standard,285,1624,12.5,0,0,1312.01,6.77,0
Road,South,Standard,359,1309,2.88,0,1,1156.27,7.97,1
Road,North,Standard,460,1648,6.62,0,1,1425.34,9.21,1
Road,Central,Express,395,222,10.55,0,0,732.89,5.55,0
Road,North,Express,156,1539,12.64,0,0,918.17,6.28,0
Rail,North,Standard,74,153,8.72,1,0,296.22,6.6,0
Rail,North,Standard,66,2399,7.12,0,0,1093.37,8.77,1
Rail,North,Express,442,2228,10.27,0,0,1796.23,8.19,1
Rail,East,Standard,282,1295,10.61,0,0,1110.45,7.41,1
Rail,South,Standard,155,966,6.92,0,1,866.72,8.11,1
Road,Central,Standard,179,1844,8.99,0,1,796.93,8.77,1
Rail,South,Standard,148,1612,11.54,0,0,1067.08,7.68,1
Road,East,Standard,402,1778,13.67,0,1,1310.04,9.72,1
Road,West,Standard,310,1313,10.23,0,0,1035.95,7.44,1
Rail,West,Standard,440,628,8.13,0,0,1178.43,8.12,1
Road,West,Standard,157,229,7.84,1,1,377.67,7.54,1
Road,South,Standard,241,744,9.67,0,0,811.17,6.78,0
Rail,East,Express,69,1346,7.65,1,0,764.08,8.5,1
Air,Central,Express,485,1088,8.57,0,0,1848.93,5.2,0
Air,Central,Standard,260,1290,4.83,0,0,1619.71,3.71,0
Road,West,Standard,280,730,11.89,0,0,863.86,6.28,0
Road,West,Standard,212,2347,4.58,0,0,1066.57,7.78,1
Rail,Central,Standard,142,948,6.7,0,0,749.39,6.61,0
Road,West,Standard,474,2123,8.29,0,0,1535.35,8.76,1
Air,Central,Standard,249,1007,13.97,0,0,1437.85,5.74,0
Road,North,Standard,340,1136,6.73,0,0,1202.38,6.74,0
Road,South,Express,28,1529,6.0,0,0,657.26,5.53,0
Road,North,Express,145,694,6.35,0,0,546.02,4.14,0
Air,North,Standard,403,588,12.98,0,0,1409.25,5.6,0
Road,East,Standard,53,979,1.0,0,1,351.54,5.98,0
Road,South,Standard,59,2020,4.99,0,0,752.14,6.34,0
Road,East,Standard,406,404,16.19,0,1,1013.25,7.32,1
Road,East,Standard,161,1121,9.77,0,0,640.63,5.25,0
Road,West,Standard,144,1696,4.68,0,0,885.24,6.71,0
Rail,Central,Express,287,1780,7.87,0,1,1272.48,8.46,1
Road,Central,Standard,105,1114,8.2,0,0,616.9,5.75,0
Air,South,Express,31,249,10.54,0,0,392.86,3.67,0
Air,South,Standard,12,88,13.52,0,0,606.29,2.54,0
Road,West,Standard,48,1201,9.17,0,0,523.28,6.78,0
Road,North,Standard,87,2034,6.38,0,1,654.36,9.63,1
Rail,East,Standard,351,119,10.36,0,0,665.54,7.13,1
Road,East,Standard,155,2224,5.91,0,1,1101.2,8.45,1
Road,North,Express,45,1705,4.9,0,0,816.55,5.03,0
Air,West,Standard,17,69,2.72,0,1,126.57,1.83,0
Air,South,Standard,243,892,3.3,0,1,1412.24,4.28,0
Rail,North,Standard,421,590,5.31,0,0,1147.17,6.13,0
Road,West,Standard,175,2375,4.47,0,0,1068.22,7.26,1
Rail,North,Standard,41,1409,8.94,0,0,748.47,7.34,1
Rail,West,Standard,121,844,4.4,0,0,668.52,6.22,0
Road,North,Express,254,731,1.0,0,0,814.23,4.6,0
Rail,East,Standard,102,1431,4.87,0,1,885.59,7.15,1
Road,Central,Standard,489,62,6.58,0,1,926.82,5.42,0
Road,South,Standard,384,680,6.18,0,0,967.62,5.68,0
Road,West,Express,178,455,12.56,0,0,833.71,4.99,0
Road,West,Standard,476,1569,6.16,0,0,1415.24,8.62,1
Road,Central,Standard,169,1689,10.64,0,0,1033.58,7.63,1
Air,North,Standard,78,1194,7.94,0,0,1360.92,3.36,0
Air,West,Standard,469,393,7.87,0,0,1317.42,4.32,0
Rail,Central,Standard,480,958,5.49,0,0,1325.85,7.7,1
Air,West,Standard,163,2115,7.82,0,0,2322.83,5.97,0
Air,North,Standard,301,549,5.7,1,0,1187.26,4.31,0
Road,Central,Standard,94,450,8.51,1,0,477.29,7.87,1
Road,North,Standard,324,323,7.29,0,0,724.78,4.51,0
Road,East,Express,348,2050,5.17,0,0,1335.82,7.46,1
Road,East,Express,357,343,10.98,0,1,886.0,6.05,0
Rail,East,Standard,288,1474,9.28,0,1,1191.7,9.42,1
Road,East,Standard,355,2497,6.66,0,0,1717.1,9.78,1
Road,North,Standard,281,1622,8.44,0,0,942.32,7.71,1
Road,East,Express,411,1060,7.75,0,0,1248.84,5.53,0
Road,Central,Standard,97,556,5.4,0,0,368.29,5.7,0
Air,East,Standard,246,54,8.21,0,0,639.33,2.66,0
Road,South,Standard,214,431,6.14,0,0,882.71,5.17,0
Road,Central,Express,271,2384,5.17,0,0,1163.64,6.45,0
Road,North,Standard,79,401,3.13,0,0,285.51,3.64,0
Road,East,Standard,168,98,6.92,0,0,460.53,4.59,0
Rail,East,Express,477,2049,9.7,1,0,1681.81,10.58,1
Road,East,Standard,61,1075,5.92,0,0,632.27,4.52,0
Road,Central,Express,321,924,15.56,0,0,986.59,6.86,0
Road,East,Standard,335,1807,10.66,0,0,1327.43,7.41,1
Air,Central,Standard,242,1331,11.91,1,0,1608.96,7.92,1
Rail,North,Express,26,2290,10.39,1,0,917.57,9.63,1
Rail,West,Standard,26,1195,13.56,0,1,690.99,7.8,1
Rail,East,Standard,145,1796,5.64,0,1,908.52,8.81,1
Rail,South,Standard,60,2203,1.0,0,0,1180.97,7.19,1
Road,South,Standard,56,1185,6.66,0,1,420.64,7.66,1
Road,West,Standard,88,746,9.67,1,0,431.46,7.23,1
Road,West,Standard,103,2437,8.45,0,0,1063.37,8.11,1
Road,West,Standard,420,605,8.83,0,0,993.03,6.49,0
Air,North,Standard,322,146,11.96,0,0,719.29,3.16,0
Road,East,Standard,24,1466,9.15,0,0,826.74,5.74,0
Rail,Central,Standard,317,2467,10.4,0,1,1560.16,11.01,1
Air,North,Standard,76,261,5.18,0,0,463.24,1.93,0
Road,East,Standard,216,2131,4.71,0,0,1070.1,6.73,0
Air,East,Express,28,2084,12.84,0,0,2098.45,6.25,0
Rail,Central,Standard,54,2325,8.3,1,0,1184.56,10.79,1
Air,South,Standard,74,1082,6.13,0,0,1104.12,3.2,0
Road,East,Standard,222,674,6.14,1,0,674.9,6.51,0
Road,West,Express,236,1304,6.05,0,0,884.15,5.1,0
Road,North,Standard,182,399,5.87,0,1,634.75,6.96,0
Road,Central,Standard,313,2114,4.15,0,0,1128.69,8.23,1
Road,Central,Standard,363,1675,3.5,0,0,1402.9,6.65,0
Air,West,Standard,367,1234,7.41,0,1,1751.03,6.26,0
Rail,West,Express,293,1313,6.22,0,0,1138.38,5.93,0
Road,West,Express,277,1794,11.32,0,0,1050.44,6.76,0
Road,West,Standard,250,1331,8.88,0,0,836.66,6.93,0
Road,Central,Standard,126,2107,8.8,0,0,884.68,8.11,1
Road,East,Standard,248,2315,5.77,1,0,1110.45,9.41,1
Air,East,Standard,14,2376,7.64,1,0,2158.34,7.81,1
Road,West,Express,483,1569,9.08,1,0,1333.35,8.57,1
Road,North,Standard,191,1869,10.15,0,0,1099.06,7.61,1
Rail,Central,Standard,380,812,7.72,1,0,1033.44,8.47,1
Road,West,Standard,478,143,11.24,0,0,955.63,5.48,0
Road,West,Express,253,1030,8.02,1,0,839.44,7.26,1
Rail,South,Standard,432,2185,10.38,0,0,1847.77,10.01,1
Rail,South,Standard,244,377,6.53,0,0,724.85,6.22,0
Air,East,Standard,74,1386,2.56,1,0,1399.55,4.78,0
Rail,West,Standard,22,521,8.81,0,1,260.13,6.25,0
Road,West,Standard,76,1101,10.18,0,0,504.97,6.6,0
Rail,West,Express,471,401,9.73,0,0,1002.5,7.3,1
Air,Central,Express,242,1850,9.27,0,0,2287.25,5.4,0
Rail,Central,Express,166,2035,6.95,0,0,1258.1,7.54,1
Air,West,Express,228,1907,5.58,1,0,2058.19,6.54,0
Rail,South,Standard,135,1776,9.66,1,1,1024.49,9.91,1
Air,East,Standard,436,626,9.28,1,0,1363.56,6.91,0
Road,East,Standard,499,1349,6.32,0,0,1280.61,7.19,1
Rail,West,Standard,51,306,11.33,0,0,442.29,5.72,0
Road,Central,Express,362,967,5.35,0,1,990.92,6.06,0
Rail,South,Standard,174,1289,6.25,0,0,1136.23,6.94,0
Rail,East,Express,33,1687,12.91,0,0,1031.29,8.69,1
Air,North,Standard,461,287,10.61,0,0,1344.66,4.05,0
Air,West,Standard,40,2041,6.93,1,1,2019.25,7.99,1
Road,East,Standard,110,1174,8.86,0,0,642.08,6.74,0
Rail,East,Standard,22,2209,8.46,0,1,1101.24,8.98,1
Rail,East,Standard,240,1342,1.0,0,1,973.08,7.81,1
Road,South,Standard,303,1390,5.28,0,0,1200.13,6.8,0
Road,East,Standard,167,1746,7.85,0,1,971.68,6.91,0
Road,West,Express,45,2058,6.93,0,0,828.28,6.8,0
Rail,South,Standard,66,436,8.74,0,0,458.0,6.06,0
Road,North,Standard,467,1302,11.39,0,0,1526.37,7.65,1
Air,South,Express,404,123,7.04,0,1,798.33,3.5,0
Road,North,Standard,469,1212,4.83,0,0,1448.76,6.79,0
Air,South,Express,270,2043,8.97,0,0,2346.68,6.54,0
Road,West,Standard,277,2170,7.02,0,0,1088.09,7.14,1
Rail,North,Standard,395,744,7.53,0,0,1034.32,6.84,0
Road,West,Standard,312,996,7.12,0,1,795.45,7.51,1
Rail,South,Standard,223,1401,14.73,0,0,1204.1,8.98,1
Air,Central,Express,153,1019,1.28,1,0,1115.2,4.66,0
Air,West,Express,247,486,6.83,0,1,998.22,5.62,0
Air,South,Standard,41,797,7.99,0,1,1020.46,5.04,0
Road,East,Standard,104,1039,5.66,0,0,537.08,6.51,0
Road,North,Standard,371,1320,10.7,0,0,1160.48,7.1,1
Road,North,Standard,435,2305,10.44,0,0,1438.96,8.23,1
Road,Central,Express,59,1384,7.86,1,0,607.55,7.01,1
Rail,Central,Standard,57,998,7.19,0,0,885.42,7.25,1
Rail,North,Standard,51,1668,7.66,0,0,954.97,8.11,1
Rail,South,Standard,397,1943,7.69,0,1,1543.62,10.03,1
Air,North,Express,162,1104,7.76,0,0,1310.28,3.64,0
Rail,South,Express,170,1248,7.44,1,1,913.34,8.73,1
Air,South,Standard,16,583,8.76,0,1,703.33,4.2,0
Road,South,Standard,486,2168,10.26,0,0,1573.93,9.3,1
Road,East,Standard,222,2173,4.31,0,0,1161.94,8.11,1
Rail,North,Standard,400,478,4.85,0,0,894.78,5.64,0
Air,Central,Standard,356,897,2.75,0,1,1379.36,5.27,0
Road,West,Standard,79,716,10.6,0,0,557.79,5.33,0
Road,West,Standard,402,2311,8.75,0,0,1381.13,8.98,1
Rail,North,Standard,279,209,9.52,0,0,801.78,6.13,0
Road,West,Standard,306,558,3.71,1,0,792.13,7.73,1
Road,Central,Standard,108,821,13.35,0,0,444.24,6.06,0
Air,North,Standard,424,1422,6.17,0,0,2082.18,5.43,0
Rail,West,Standard,466,659,8.5,0,0,1039.15,7.63,1
Road,South,Express,209,1364,10.56,0,0,992.19,5.73,0
Air,West,Standard,55,1880,5.04,0,1,1797.02,5.88,0
Road,East,Standard,425,2080,6.36,0,1,1633.62,8.66,1
Air,Central,Standard,444,292,8.54,0,1,1275.51,4.34,0
Road,North,Standard,258,390,16.57,0,0,687.45,6.08,0
Rail,South,Standard,293,283,8.9,0,0,572.6,7.11,1
Road,South,Standard,119,2279,12.82,0,0,973.1,8.13,1
Road,South,Express,43,1647,11.62,0,0,608.3,6.97,0
Air,South,Standard,472,1351,9.1,0,0,2304.36,5.88,0
Road,South,Standard,246,1987,5.03,0,1,1103.85,7.2,1
Road,North,Standard,144,1485,11.18,0,0,945.73,7.53,1
Road,West,Standard,349,626,3.51,1,0,855.13,5.81,0
Rail,East,Standard,22,1299,12.8,0,1,721.08,9.08,1
Air,Central,Express,49,1772,8.6,0,0,1752.24,4.34,0
Air,West,Standard,128,138,1.0,0,0,535.55,2.1,0
Road,North,Standard,230,1535,6.98,0,1,1001.75,6.79,0
Road,North,Standard,189,1267,9.96,0,0,749.95,6.86,0
Road,East,Standard,101,220,7.29,0,0,548.44,5.3,0
Rail,East,Express,182,695,10.15,0,0,725.67,5.64,0
Air,South,Standard,173,1148,5.45,0,1,1358.85,4.67,0
Rail,West,Standard,267,889,4.08,0,0,629.59,6.93,0
Rail,East,Standard,285,760,7.79,0,0,994.6,7.25,1
Road,West,Standard,442,1640,8.09,1,0,1381.65,7.41,1
Air,North,Standard,405,1040,6.95,1,0,1732.04,7.69,1
Road,Central,Standard,153,1269,11.68,0,1,771.96,8.09,1
Road,South,Standard,452,2005,5.45,0,0,1406.77,8.36,1
Road,East,Express,265,278,8.94,0,0,660.78,4.47,0
Road,East,Standard,101,931,8.2,0,0,640.74,4.56,0
Road,Central,Standard,176,228,3.33,0,0,540.25,4.79,0
Road,South,Standard,373,2321,4.04,0,0,1381.31,7.63,1
Road,South,Standard,412,504,8.04,1,0,1096.77,7.68,1
Rail,South,Express,193,2058,13.94,0,0,1321.68,8.64,1
Road,South,Standard,87,517,9.74,0,0,419.62,5.55,0
Road,North,Express,104,843,2.82,0,1,540.91,4.62,0
Air,North,Express,60,1540,1.0,0,1,1365.06,4.82,0
Rail,South,Standard,352,2086,10.2,1,0,1596.34,10.06,1
Road,East,Standard,256,485,7.71,0,0,573.9,6.99,0
Road,South,Express,231,572,11.42,0,0,644.33,6.84,0
Air,South,Standard,339,2210,5.36,0,0,2386.51,7.39,1
Road,West,Standard,416,838,9.05,0,0,1094.83,7.35,1
Road,South,Express,399,563,10.54,0,1,1182.29,6.22,0
Air,Central,Express,77,1871,6.66,0,0,1856.12,5.48,0
Road,West,Standard,298,273,6.72,0,0,794.62,4.99,0
Rail,North,Standard,442,2174,8.08,0,1,1973.51,9.15,1
Rail,South,Standard,389,2195,9.63,0,0,1712.09,10.61,1
Rail,North,Express,171,2148,7.96,0,0,1189.99,8.93,1
Road,South,Standard,202,773,10.92,0,0,686.3,6.14,0
Road,South,Standard,446,329,6.61,0,0,996.53,4.57,0
Road,North,Standard,26,1092,4.01,0,1,406.82,5.82,0
Road,North,Express,267,869,13.93,0,0,860.72,4.84,0
Air,East,Express,66,2399,6.19,0,0,2391.74,6.06,0
Road,West,Standard,448,1597,6.29,0,0,1454.32,6.22,0
Rail,South,Standard,28,2363,7.8,0,1,938.88,9.87,1
Rail,Central,Express,21,1889,8.2,1,0,833.72,8.38,1
Rail,South,Express,171,1801,6.84,0,0,1077.08,6.47,0
Road,Central,Standard,108,324,7.95,0,0,493.71,5.07,0
Road,South,Standard,252,218,7.88,0,1,762.55,5.59,0
Air,East,Standard,156,163,8.52,0,0,839.19,3.72,0
Rail,West,Standard,184,1503,1.0,0,0,927.37,6.12,0
Air,North,Standard,286,544,13.64,0,1,1123.45,4.88,0
Air,Central,Standard,284,2473,7.56,0,0,2799.29,5.15,0
Rail,South,Standard,468,375,9.74,0,0,1047.3,5.4,0
Road,East,Express,245,2369,3.87,0,0,1184.38,8.38,1
Rail,West,Standard,286,1685,6.59,0,0,1230.87,9.65,1
Road,West,Standard,342,309,5.98,0,0,545.59,5.17,0
Rail,North,Standard,95,193,12.41,1,0,451.26,7.16,1
Air,Central,Standard,336,1020,6.24,0,0,1562.39,4.31,0
Road,West,Standard,432,880,10.27,0,0,1290.67,7.31,1
Road,Central,Standard,165,823,6.05,0,0,651.98,5.19,0
Road,East,Standard,97,1344,6.64,0,1,562.17,7.26,1
Air,West,Standard,179,367,7.26,0,0,743.07,3.32,0
Road,East,Express,144,367,11.85,0,0,336.97,4.44,0
Road,Central,Standard,296,1752,2.33,0,0,975.97,6.41,0
Road,Central,Express,433,2476,4.05,0,0,1613.46,7.89,1
Road,Central,Express,302,720,2.16,0,0,791.85,3.8,0
Road,East,Express,71,2333,4.74,0,0,993.57,7.14,1
Road,West,Standard,164,894,5.57,1,0,468.08,6.77,0
Road,South,Standard,347,872,3.16,0,0,921.38,5.72,0
Road,East,Standard,171,271,5.8,0,1,457.0,6.45,0
Road,West,Standard,297,1087,1.96,0,1,1004.4,6.39,0
Road,North,Standard,350,1270,4.95,0,1,1147.34,7.92,1
Road,West,Express,171,1676,11.6,1,0,1020.22,7.12,1
Rail,North,Standard,327,437,9.21,0,0,1048.21,6.35,0
Road,East,Express,205,512,8.56,0,0,620.68,4.79,0
Road,East,Standard,76,1108,4.99,0,1,702.86,7.83,1
Road,East,Standard,192,220,3.39,0,1,397.5,3.77,0
Road,East,Standard,226,401,4.58,0,1,514.22,5.57,0
Road,East,Standard,11,1591,7.87,1,0,698.16,9.17,1
Road,East,Standard,447,2386,10.6,0,1,1463.55,9.34,1
Air,East,Standard,268,1453,10.71,0,0,1935.0,5.46,0
Road,East,Standard,27,405,9.89,0,1,348.35,6.15,0
Road,West,Standard,435,2477,5.79,0,0,1678.12,8.73,1
Road,East,Standard,429,1328,8.07,1,0,1255.93,9.71,1
Road,West,Express,15,1806,7.04,0,0,687.14,6.5,0
Road,Central,Standard,89,532,7.4,0,1,505.15,6.85,0
Rail,Central,Standard,188,1467,14.11,0,0,1031.91,8.34,1
Air,North,Standard,258,237,2.71,0,0,676.57,2.2,0
Road,West,Standard,365,1583,7.3,0,0,1264.14,7.12,1
Road,South,Standard,217,545,11.64,0,0,714.92,5.12,0
Road,North,Standard,309,2278,3.6,0,1,1238.43,8.91,1
Road,West,Express,14,184,6.07,0,0,207.73,3.3,0
Rail,North,Standard,332,1648,6.41,0,0,1494.22,7.73,1
Road,Central,Standard,458,391,7.33,0,1,997.08,6.78,0
Road,West,Standard,267,1733,3.21,0,0,1004.06,6.0,0
Air,Central,Standard,232,1259,9.79,0,0,1471.66,5.66,0
Road,West,Standard,155,2420,10.0,0,0,1116.85,8.15,1
Road,Central,Standard,477,1646,9.53,0,0,1512.72,8.69,1
Rail,North,Standard,26,961,5.39,0,0,626.89,6.13,0
Road,Central,Standard,150,263,8.26,0,0,502.06,5.38,0
Road,North,Standard,77,1509,5.3,0,0,782.02,6.46,0
Road,South,Standard,434,1130,7.0,0,0,1277.35,7.2,1
Air,North,Standard,246,178,14.46,0,1,905.4,4.95,0
Road,East,Standard,461,1474,8.29,0,1,1457.72,7.06,1
Road,West,Standard,335,564,4.44,0,0,1008.79,6.0,0
Road,South,Standard,282,623,8.54,0,0,802.28,5.73,0
Road,Central,Standard,263,71,3.94,0,1,453.72,5.68,0
Rail,West,Express,109,961,4.4,1,1,740.88,8.53,1
Road,West,Standard,285,584,4.88,0,0,854.84,4.74,0
Rail,Central,Standard,345,225,6.67,0,0,975.67,5.43,0
Rail,East,Express,483,1114,10.81,0,0,1560.66,7.99,1
Air,South,Express,278,589,9.74,0,0,1345.15,3.27,0
Road,Central,Standard,470,378,9.57,0,0,1142.52,6.57,0
Air,East,Standard,472,1193,4.7,0,0,1966.36,4.74,0
Rail,West,Standard,266,204,6.38,0,1,534.98,7.36,1
Road,South,Express,225,2476,8.82,0,0,1274.75,8.16,1
Rail,South,Standard,79,1203,6.12,0,0,677.34,7.17,1
Air,North,Express,141,2490,7.16,0,0,2529.0,5.55,0
Road,South,Standard,440,2209,9.32,0,1,1545.21,9.61,1
Air,North,Express,77,2450,6.95,0,0,2410.11,6.43,0
Road,West,Standard,204,1379,8.68,0,0,889.97,6.78,0
Rail,North,Standard,352,1086,12.78,0,0,1312.36,8.54,1
Air,West,Standard,127,1813,7.48,0,0,1639.48,5.51,0
Road,Central,Standard,487,247,11.54,0,1,1111.44,6.88,0
Air,West,Standard,328,2108,9.68,0,0,2646.43,7.82,1
Road,East,Standard,23,842,3.6,0,1,577.85,6.63,0
Rail,North,Standard,131,68,4.69,0,0,448.67,5.21,0
Rail,Central,Standard,372,632,5.5,0,0,1176.04,6.75,0
Road,North,Express,432,643,5.44,0,0,1065.69,4.54,0
Road,West,Express,464,84,7.73,0,0,969.9,4.4,0
Road,West,Standard,427,1688,9.84,0,0,1429.92,8.1,1
Road,North,Standard,46,283,11.77,0,0,354.78,5.79,0
Road,West,Standard,367,2124,8.92,0,0,1309.63,8.84,1
Road,North,Express,63,1160,6.66,0,0,527.01,4.47,0
Road,South,Standard,47,1809,1.75,0,1,572.74,7.78,1
Road,Central,Standard,349,882,8.21,0,0,1055.22,6.22,0
Rail,Central,Express,244,373,8.08,0,0,718.45,4.88,0
Rail,South,Express,327,491,8.55,0,1,871.94,7.71,1
Rail,Central,Standard,427,1632,14.32,1,1,1512.58,12.68,1
Road,Central,Standard,43,1804,11.72,0,0,825.94,7.71,1
Air,West,Standard,268,705,10.36,0,0,1316.45,4.91,0
Rail,North,Express,418,924,5.11,0,0,1079.81,6.93,0
Road,South,Standard,225,2365,6.46,0,0,1060.54,9.07,1
Road,West,Standard,266,2137,7.72,0,0,1303.17,8.49,1
Rail,Central,Standard,253,1061,5.67,0,0,832.5,6.12,0
Road,Central,Standard,454,640,9.5,0,0,1180.76,7.69,1
Road,East,Standard,34,788,9.07,0,0,610.84,6.36,0
Air,South,Standard,440,1369,4.74,0,1,2200.92,5.52,0
Road,Central,Express,410,1438,11.59,0,1,1369.33,7.06,1
Road,South,Express,408,501,8.31,0,1,1067.83,6.28,0
Air,South,Standard,212,211,2.81,0,0,873.07,2.41,0
Rail,Central,Express,262,1263,7.85,0,0,850.36,7.18,1
Road,East,Standard,190,2003,8.84,0,0,1005.84,8.29,1
Air,South,Standard,133,423,10.92,0,0,859.68,3.39,0
Air,North,Standard,438,1050,6.99,1,0,1753.25,5.58,0
Road,East,Express,257,445,10.48,1,0,870.32,6.78,0
Rail,Central,Express,364,643,8.56,0,0,1024.82,5.91,0
Road,East,Express,59,1549,4.05,0,0,667.74,5.61,0
Road,West,Express,396,751,3.75,0,0,973.56,3.98,0
Rail,South,Express,332,696,11.37,0,0,970.31,6.48,0
Road,West,Standard,498,2489,11.59,0,0,1684.69,9.97,1
Rail,West,Express,75,472,8.97,0,0,503.66,5.92,0
Air,West,Standard,274,513,12.49,1,1,1029.26,6.15,0
Road,West,Standard,260,2327,11.17,1,0,1380.58,9.38,1
Rail,East,Standard,273,1398,10.05,0,0,1241.17,8.16,1
Road,South,Standard,36,155,5.27,0,1,347.2,5.36,0
Air,West,Standard,241,1091,13.19,0,0,1436.1,5.59,0
Road,Central,Standard,156,1434,9.61,0,0,672.86,6.56,0
Rail,Central,Standard,312,670,6.84,1,0,933.01,8.42,1
Rail,South,Standard,123,1393,6.0,0,0,1168.27,8.39,1
Road,West,Express,223,1638,8.77,0,0,1132.06,6.71,0
Rail,North,Standard,313,663,2.99,0,1,838.46,5.88,0
Rail,East,Standard,41,2040,10.1,0,1,1068.34,9.63,1
Rail,East,Standard,395,1159,5.14,0,0,1316.07,8.85,1
Rail,South,Standard,360,2410,9.11,0,0,1562.08,8.87,1
Air,Central,Standard,38,264,6.44,0,0,570.31,2.81,0
Road,Central,Express,41,844,7.21,0,1,441.35,5.42,0
Road,North,Standard,426,1817,5.73,0,0,1361.18,7.63,1
Road,South,Standard,148,2242,7.52,0,0,1036.9,8.02,1
Rail,South,Express,431,593,13.67,0,1,1289.18,8.58,1
Road,Central,Standard,254,2451,12.16,0,0,1244.11,9.06,1
Road,East,Express,177,523,9.06,0,0,447.28,5.69,0
Road,West,Standard,144,1069,7.92,0,0,735.66,6.04,0
Air,Central,Express,332,821,10.53,0,0,1243.21,3.8,0
Road,West,Standard,63,1089,11.39,0,0,575.81,5.96,0
Rail,North,Express,207,2260,5.51,0,0,1464.49,6.81,0
Road,North,Standard,179,1844,7.77,0,0,1036.21,7.56,1
Air,South,Express,85,2001,2.53,0,1,2054.93,6.6,0
Road,South,Express,182,672,11.37,0,0,753.29,5.64,0
Road,West,Standard,269,2369,14.2,0,1,1583.6,10.44,1
Air,North,Express,342,1117,8.24,0,0,1634.43,3.94,0
Air,South,Standard,52,1647,1.62,0,1,1624.41,4.97,0
Road,South,Standard,437,1759,9.83,0,0,1369.87,8.7,1
Road,North,Express,440,1674,5.29,0,1,1445.28,8.82,1
Rail,North,Standard,349,1524,6.01,0,0,1306.36,9.04,1
Air,North,Standard,462,1226,9.88,1,0,2178.18,7.61,1
Road,East,Standard,219,1636,8.76,0,0,944.94,7.27,1
Road,East,Standard,412,2267,6.54,1,0,1621.23,9.98,1
Rail,East,Express,366,1004,6.05,0,1,1203.55,6.81,0
Rail,East,Standard,285,1301,8.38,1,1,1139.41,9.11,1
Rail,West,Standard,97,491,6.77,1,1,553.44,7.51,1
Rail,Central,Standard,283,919,4.67,1,0,983.17,8.3,1
Road,East,Standard,451,1941,7.0,0,1,1495.8,8.56,1
Air,West,Express,492,1618,9.02,0,0,2361.2,4.37,0
Air,West,Express,229,567,7.47,0,0,955.75,3.04,0
Rail,West,Standard,131,1388,3.76,0,0,834.23,6.84,0
Road,North,Standard,376,2039,10.97,0,0,1231.48,7.64,1
Road,Central,Standard,47,353,1.0,1,0,352.93,5.2,0
Rail,North,Standard,84,201,6.66,0,0,242.27,5.29,0
Road,East,Standard,285,1012,6.14,0,0,887.49,5.66,0
Air,West,Standard,495,1658,8.44,0,0,2480.05,6.75,0
Road,East,Standard,171,817,9.68,0,0,780.25,4.68,0
Rail,South,Standard,227,2061,11.38,0,0,1185.42,7.86,1
Air,Central,Standard,167,2124,5.86,0,0,2218.74,5.84,0
Road,North,Standard,225,1354,9.76,0,1,985.19,7.82,1
Road,South,Express,13,978,8.59,0,1,467.02,6.19,0
Rail,Central,Standard,301,152,2.87,0,0,812.52,5.02,0
Rail,West,Standard,302,2062,13.7,0,0,1431.8,9.05,1
Road,North,Express,164,2243,3.68,0,0,818.77,6.73,0
Rail,West,Express,139,1133,9.26,0,0,920.46,6.37,0
Air,Central,Standard,383,1315,9.17,1,0,1886.84,8.02,1
Road,North,Standard,102,1896,8.83,0,0,696.7,7.2,1
Road,East,Standard,33,1753,6.52,0,0,676.25,6.74,0
Road,East,Standard,29,381,10.48,0,0,463.85,6.89,0
Road,North,Standard,442,1697,3.32,0,1,1213.42,7.77,1
Road,South,Standard,188,2315,7.8,0,0,1359.42,8.5,1
Road,North,Standard,59,1889,6.31,0,0,688.52,7.47,1
Rail,North,Standard,440,1227,5.97,0,0,1362.64,8.23,1
Road,East,Express,82,1331,9.29,0,0,563.03,6.08,0
Air,East,Standard,174,686,11.23,0,0,1075.39,4.44,0
Road,South,Express,20,1668,6.97,1,0,637.37,7.55,1
Road,South,Express,342,641,10.34,0,0,795.35,5.06,0
Rail,North,Express,352,887,8.15,0,0,1379.53,6.82,0
Air,West,Standard,380,699,5.32,0,0,1323.83,5.42,0
Road,South,Express,138,871,7.23,0,1,581.3,6.67,0
Road,Central,Standard,170,948,7.1,0,1,802.36,6.9,0
Road,East,Standard,469,253,5.91,0,0,1188.67,5.87,0
Road,Central,Express,412,1807,9.29,0,0,1491.86,6.66,0
Road,West,Standard,28,1130,8.7,0,0,410.92,5.9,0
Road,South,Standard,349,2376,3.23,1,0,1392.25,10.12,1
Road,West,Standard,408,493,3.05,0,0,753.96,6.2,0
Road,South,Express,284,1689,9.27,0,0,1218.63,6.29,0
Air,North,Standard,323,489,5.55,0,0,936.77,3.25,0
Rail,South,Standard,10,1390,8.91,0,1,633.94,9.8,1
Road,South,Express,24,1252,10.34,0,0,574.47,5.83,0
Road,North,Standard,27,1149,4.19,0,1,533.99,7.62,1
Road,North,Standard,87,1654,3.77,0,0,702.58,6.53,0
Road,Central,Standard,495,2079,13.02,0,0,1785.76,9.19,1
Rail,East,Express,320,825,9.05,1,1,1100.37,8.63,1
Air,East,Standard,393,2131,6.74,1,0,2691.35,8.57,1
Air,Central,Standard,154,502,5.2,1,0,697.54,5.68,0
Air,South,Standard,469,767,6.47,0,1,1763.87,4.5,0
Air,East,Express,107,811,4.43,0,0,915.23,2.57,0
Air,Central,Standard,452,2385,10.65,0,0,3155.91,8.05,1
Road,West,Standard,25,340,5.67,1,0,476.62,5.89,0
Road,South,Express,20,1018,11.28,0,0,563.11,5.17,0
Road,South,Standard,48,1089,6.8,0,0,637.7,6.53,0
Rail,North,Standard,398,2010,4.87,0,0,1260.81,9.47,1
Road,North,Standard,136,1240,6.72,0,1,706.11,6.71,0
Air,North,Express,231,2418,1.0,1,0,2648.22,6.76,0
Rail,West,Standard,240,1863,7.64,0,0,1364.77,7.65,1
Road,West,Standard,396,1773,7.49,0,0,1202.56,7.03,1
Road,East,Standard,180,1894,10.47,0,0,991.69,7.87,1
Road,West,Standard,13,445,2.34,0,1,40.0,5.03,0
Road,North,Express,199,1150,11.49,0,0,896.46,5.43,0
Air,South,Standard,151,1486,10.46,1,0,1516.09,6.39,0
Rail,South,Standard,368,560,11.76,0,1,1149.01,7.32,1
Rail,Central,Express,378,341,7.84,0,1,1048.87,6.88,0
Road,West,Standard,55,382,11.04,0,1,343.44,4.7,0
Road,Central,Standard,398,1983,3.59,0,0,1399.83,6.79,0
Road,South,Standard,44,1659,10.14,0,0,699.0,5.8,0
Rail,Central,Standard,313,739,5.69,0,0,973.98,6.97,0
Rail,North,Standard,200,1856,3.05,1,0,1041.01,8.07,1
Road,South,Standard,157,1753,4.63,0,1,946.27,7.61,1
Air,East,Standard,246,2050,8.02,0,0,2156.75,7.3,1
Road,North,Standard,162,2279,5.53,0,0,865.8,8.89,1
Air,Central,Standard,398,2211,9.13,0,1,2715.04,6.37,0
Road,Central,Standard,483,493,2.58,0,1,1043.77,6.26,0
Road,East,Standard,409,1934,1.62,1,0,1360.24,8.0,1
Air,South,Express,225,1012,12.12,0,1,1378.92,4.29,0
Road,North,Standard,256,1037,10.71,1,0,1101.24,8.07,1
Road,West,Express,229,1635,4.85,0,0,991.68,6.94,0
Road,East,Standard,398,1525,7.99,0,0,1286.8,7.76,1
Road,West,Express,280,1078,11.06,0,1,988.15,6.4,0
Rail,West,Standard,239,2498,9.26,0,1,1628.41,10.97,1
Air,North,Standard,210,478,8.44,1,0,985.35,3.64,0
Air,North,Standard,193,287,11.29,0,0,809.11,3.21,0
Road,West,Standard,280,121,5.81,0,0,721.56,4.1,0
Road,North,Standard,347,2044,8.09,0,0,1140.69,8.11,1
Road,Central,Standard,221,1046,7.95,1,1,649.36,8.4,1
Road,North,Express,405,1121,7.18,0,0,1146.59,5.83,0
Road,West,Standard,415,1640,6.83,0,1,1293.24,8.08,1
Air,Central,Express,220,1116,8.22,0,0,1542.77,4.0,0
Air,East,Express,455,1456,8.1,1,0,2174.13,6.84,0
Rail,North,Express,94,193,4.85,0,0,419.87,4.7,0
Road,Central,Standard,466,432,10.41,0,1,972.65,6.7,0
Road,North,Standard,154,2333,5.07,1,0,1044.67,9.51,1
Road,East,Standard,286,1154,7.35,0,0,828.67,7.04,1
Road,Central,Standard,148,460,7.11,0,0,570.23,4.7,0
Road,West,Express,226,955,9.07,0,1,634.51,6.31,0
Road,North,Standard,176,870,1.64,0,1,674.06,6.71,0
Road,Central,Standard,355,721,10.67,0,1,845.21,6.38,0
Air,North,Standard,49,769,5.97,0,0,838.29,4.79,0
Road,West,Express,420,1836,11.66,0,1,1514.17,7.48,1
Air,West,Standard,452,311,6.57,0,0,1201.14,3.46,0
Road,South,Standard,285,808,7.85,0,0,704.71,5.33,0
Rail,East,Express,278,1196,13.74,0,0,1077.25,9.15,1
Road,North,Express,352,1373,7.17,0,0,984.38,5.86,0
Road,Central,Standard,107,2207,11.72,0,1,827.55,8.72,1
Road,South,Express,377,2311,8.12,0,1,1460.92,8.36,1
Road,South,Express,117,778,9.25,0,0,645.23,5.15,0
Air,East,Standard,341,1371,8.21,0,0,1951.21,5.09,0
Road,West,Express,159,104,10.54,0,1,545.12,5.0,0
Rail,East,Standard,375,1561,5.94,0,1,1368.92,6.42,0
Road,East,Standard,397,424,5.05,1,1,896.76,7.62,1
Road,East,Standard,112,229,6.08,0,0,288.06,4.55,0
Road,Central,Standard,312,1695,8.3,0,0,1123.98,8.2,1
Road,South,Standard,254,486,7.34,0,1,589.12,7.09,1
Air,Central,Standard,154,1219,10.13,0,1,1394.74,5.62,0
Air,West,Standard,298,297,11.91,0,0,967.08,4.61,0
Rail,Central,Standard,496,1876,5.07,0,0,1675.02,7.94,1
Road,Central,Standard,11,1923,5.8,1,0,1001.59,8.94,1
Road,West,Standard,478,1458,3.69,0,0,1203.17,6.46,0
Air,South,Standard,429,2098,14.09,0,1,2721.0,7.32,1
Road,West,Standard,269,1120,8.91,0,0,797.67,6.45,0
Road,West,Standard,308,506,9.44,0,0,800.9,6.75,0
Road,South,Express,190,420,3.98,1,0,525.68,5.65,0
Rail,West,Standard,73,587,8.0,0,1,591.61,8.1,1
Rail,South,Express,290,540,9.53,0,0,828.51,5.58,0
Rail,East,Standard,410,841,7.24,0,0,1149.87,7.95,1
Rail,West,Standard,123,575,11.23,0,0,576.84,6.28,0
Road,North,Express,361,1498,14.94,0,0,1122.39,7.55,1
Air,South,Express,376,413,5.16,0,0,1056.63,2.98,0
Road,West,Standard,381,1573,4.93,0,0,1179.28,7.46,1
Rail,East,Standard,176,868,5.37,0,1,770.09,7.53,1
Road,Central,Standard,202,1732,12.82,0,1,1092.44,8.15,1
Air,North,Standard,213,1306,11.13,0,0,1640.01,5.94,0
Road,West,Express,428,2267,7.59,0,1,1493.08,9.81,1
Road,Central,Express,451,1127,8.11,0,0,1071.28,5.74,0
Road,Central,Standard,212,772,5.55,0,0,766.04,4.22,0
Road,North,Standard,485,1493,10.67,0,1,1359.65,8.95,1
Road,Central,Standard,289,1663,6.86,1,0,1180.26,8.46,1
Rail,South,Standard,198,1126,7.22,0,0,1048.32,7.14,1
Road,South,Standard,10,1421,9.83,0,0,574.35,7.02,1
Air,South,Standard,309,1203,7.44,0,0,1599.88,4.58,0
Road,West,Standard,325,799,7.3,0,1,927.5,6.6,0
Rail,West,Standard,484,818,8.03,1,0,1328.83,8.86,1
Road,East,Standard,361,2273,10.39,0,0,1402.45,9.75,1
Rail,North,Standard,24,1704,12.94,0,0,841.31,8.51,1
Rail,Central,Express,287,283,9.76,1,1,829.36,7.16,1
Road,South,Standard,373,2407,10.41,0,0,1541.92,8.11,1
Air,North,Standard,253,1794,7.4,0,0,2074.38,5.79,0
Road,East,Standard,220,172,5.88,0,0,395.52,3.85,0
Road,East,Standard,406,1833,9.96,0,0,1428.7,6.98,0
Rail,West,Standard,309,1494,8.51,0,0,1181.42,8.63,1
Air,Central,Standard,343,2292,3.73,0,0,2670.06,6.66,0
Road,North,Standard,237,1248,7.02,0,0,917.61,6.21,0
Road,South,Express,146,1320,7.75,0,0,586.42,6.0,0
Air,East,Standard,264,821,6.47,0,1,1299.44,5.03,0
Rail,West,Standard,479,837,12.45,0,0,1388.27,8.42,1
Air,West,Standard,305,1563,9.44,0,0,2085.16,6.12,0
Road,South,Express,356,2077,12.12,0,0,1399.69,6.1,0
Rail,West,Express,70,2232,8.79,0,0,937.34,8.0,1
Road,Central,Standard,494,1938,8.24,0,1,1672.59,9.36,1
Air,East,Standard,129,1543,5.19,0,1,1703.85,5.29,0
Road,Central,Standard,485,1275,8.04,0,1,1221.53,7.96,1
Rail,West,Express,228,882,8.04,0,0,804.38,6.84,0
Road,South,Standard,460,1931,3.9,0,0,1464.79,7.63,1
Rail,South,Standard,446,829,6.38,0,0,1285.01,8.22,1
Rail,West,Standard,380,706,7.03,0,1,1015.79,8.51,1
Road,South,Standard,459,2176,9.24,0,0,1644.54,8.54,1
Air,South,Express,308,1494,9.38,0,1,1788.06,5.55,0
Road,South,Standard,425,917,6.26,0,0,1017.57,4.25,0
Rail,West,Standard,94,2169,9.41,1,0,951.65,10.17,1
Road,South,Standard,44,2408,7.45,0,1,813.84,7.78,1
Road,West,Standard,276,829,1.0,0,0,942.13,5.31,0
Road,Central,Standard,406,1327,6.55,1,0,1413.0,8.48,1
Road,Central,Standard,385,1234,11.24,1,0,1215.85,9.26,1
Road,Central,Express,268,1769,2.95,0,1,996.62,7.9,1
Rail,North,Standard,265,2380,8.34,0,0,1496.12,9.42,1
Rail,East,Standard,308,1393,12.76,1,1,1307.83,12.45,1
Rail,South,Standard,435,2005,5.72,0,0,1482.28,9.03,1
Road,Central,Standard,422,1509,8.01,0,0,1242.73,6.45,0
Road,West,Standard,63,2223,4.09,0,0,993.91,6.86,0
Road,South,Standard,301,1041,12.88,0,0,907.43,6.75,0
Rail,East,Standard,196,993,7.75,0,1,793.14,8.3,1
Air,West,Express,401,1084,8.14,0,1,1765.82,4.42,0
Road,East,Standard,257,2491,12.06,0,1,1363.32,9.65,1
Rail,East,Standard,495,1548,9.98,0,1,1547.08,9.51,1
Road,North,Standard,221,423,5.37,0,0,635.57,4.65,0
Road,East,Express,342,150,6.06,1,0,824.78,6.24,0
Road,South,Standard,63,1320,9.48,0,1,847.69,7.79,1
Road,Central,Express,466,2023,6.13,1,0,1487.29,9.63,1
Rail,Central,Express,85,1224,1.65,1,1,701.97,7.83,1
Air,West,Standard,195,1422,7.84,0,0,1851.35,5.9,0
Road,North,Standard,420,2006,3.56,0,0,1336.36,6.62,0
Road,Central,Standard,484,1315,12.85,0,0,1267.05,6.83,0
Rail,South,Standard,247,2276,8.53,1,0,1475.11,9.91,1
Air,East,Standard,247,1612,5.28,0,0,2030.56,5.14,0
Rail,Central,Standard,33,1841,5.9,0,0,930.83,8.68,1
Road,Central,Standard,489,1964,2.33,0,0,1474.84,7.07,1
Rail,North,Standard,18,1585,4.7,0,0,615.08,6.93,0
Road,South,Standard,22,172,11.05,0,0,270.21,4.74,0
Air,West,Standard,242,1097,14.7,0,0,1694.12,5.91,0
Road,East,Standard,11,396,10.18,0,0,187.96,4.77,0
Rail,South,Standard,90,1300,7.72,0,1,779.76,7.77,1
Road,East,Express,317,400,6.7,0,0,759.19,3.65,0
Road,Central,Standard,355,1297,5.13,0,0,1028.19,6.15,0
Air,South,Standard,156,892,14.18,1,0,1269.99,7.28,1
Rail,West,Standard,399,99,7.43,0,0,914.59,6.14,0
Road,West,Standard,307,355,14.35,0,0,888.05,5.64,0
Air,Central,Standard,121,1282,12.18,1,0,1399.52,7.6,1
Air,South,Standard,359,243,2.78,0,0,760.03,2.53,0
Road,South,Standard,300,2147,6.0,0,0,1277.42,8.85,1
Road,East,Standard,407,1908,5.99,1,0,1315.48,10.18,1
Road,East,Standard,85,1787,7.76,0,0,986.3,7.13,1
Rail,East,Standard,123,471,7.82,0,0,734.72,5.1,0
Road,West,Standard,158,1999,16.99,0,0,1277.28,10.32,1
Road,West,Standard,177,1604,4.77,0,0,783.69,6.89,0
Air,South,Standard,445,1006,8.69,0,1,1835.41,5.6,0
Air,West,Standard,368,51,9.85,0,0,934.54,4.21,0
Air,South,Standard,276,1345,8.0,0,0,1848.24,5.61,0
Air,East,Standard,274,1999,8.33,0,0,2292.82,7.08,1
Rail,North,Standard,444,132,4.87,0,0,1061.53,5.44,0
Rail,South,Standard,228,178,8.32,0,0,618.48,6.19,0
Rail,Central,Express,120,988,9.53,0,1,767.59,6.42,0
Road,East,Standard,77,1303,8.98,0,1,511.78,7.75,1
Road,West,Standard,171,1212,9.71,0,0,871.64,6.6,0
Road,North,Standard,330,1094,12.24,1,0,1043.66,8.77,1
Rail,West,Express,240,675,10.81,0,1,899.09,7.07,1
Road,South,Standard,216,196,8.21,0,0,607.73,4.78,0
Road,West,Standard,245,126,4.48,0,0,594.72,3.84,0
Rail,Central,Express,487,292,6.2,0,1,1076.29,7.05,1
Road,East,Standard,498,1741,7.34,1,0,1566.15,10.33,1
Road,North,Express,89,1975,8.76,0,0,851.98,6.42,0
Air,East,Standard,66,1115,6.57,0,0,1060.08,4.56,0
Air,North,Standard,129,239,5.19,0,0,611.27,3.08,0
Road,East,Standard,427,1068,4.44,0,0,1068.39,6.26,0
Road,North,Standard,235,2464,3.05,0,0,1067.46,6.77,0
Road,West,Express,433,662,7.3,1,0,972.19,5.89,0
Rail,South,Standard,326,1253,3.59,0,0,1174.58,6.68,0
Air,South,Express,281,1367,5.0,0,0,1759.98,2.59,0
Road,North,Standard,147,858,6.82,0,1,425.05,7.45,1
Rail,Central,Standard,178,1123,3.99,0,0,810.9,7.04,1
Road,Central,Express,82,1205,9.14,0,0,765.12,5.64,0
Road,Central,Standard,264,1211,10.22,0,0,924.96,5.34,0
Air,North,Express,147,1808,6.35,0,0,1913.67,3.39,0
Road,South,Standard,153,1473,6.69,0,0,923.73,6.61,0
Road,Central,Standard,29,180,9.61,1,0,355.37,7.62,1
Road,East,Standard,401,65,5.86,0,0,940.66,4.35,0
Rail,North,Standard,470,1056,5.65,1,1,1059.54,10.38,1
Air,North,Standard,254,2273,11.59,0,1,2733.1,7.42,1
Air,South,Standard,272,140,10.65,0,1,831.57,4.43,0
Road,Central,Standard,463,224,9.8,0,0,1274.01,6.55,0
Road,North,Standard,260,1714,10.78,0,0,1031.46,7.46,1
Rail,Central,Express,315,1154,2.07,0,0,898.36,5.68,0
Road,West,Standard,219,615,12.06,0,0,745.84,7.08,1
Air,Central,Standard,262,558,9.18,0,1,1063.92,4.86,0
Rail,Central,Express,265,1679,11.03,1,1,1344.21,11.06,1
Road,South,Standard,358,1333,9.16,0,0,1260.95,6.63,0
Air,Central,Standard,306,1613,8.15,0,1,2043.99,7.4,1
Road,North,Standard,256,736,7.17,0,1,768.95,6.73,0
Road,South,Standard,47,1339,9.1,0,0,678.11,6.8,0
Rail,South,Standard,453,2157,7.06,0,1,1714.77,10.2,1
Road,North,Standard,445,825,10.6,1,0,1139.54,7.83,1
Rail,North,Standard,100,1021,3.24,0,0,774.1,6.37,0
Rail,North,Standard,153,451,6.38,1,0,701.21,7.19,1
Air,North,Standard,486,1614,14.13,0,0,2527.84,7.39,1
Air,South,Standard,167,129,6.12,0,0,517.94,2.66,0
Road,North,Standard,407,659,7.28,0,1,815.28,5.69,0
Road,North,Standard,395,1796,5.35,0,0,1293.08,6.25,0
Rail,Central,Express,431,97,9.01,1,0,863.84,5.93,0
Air,North,Standard,17,2473,5.79,0,0,2255.89,6.5,0
Road,North,Standard,246,1040,7.44,0,0,796.72,5.42,0
Road,North,Standard,287,1026,10.55,0,0,958.57,6.88,0
Road,North,Standard,420,1364,5.9,0,0,1131.03,6.97,0
Road,East,Standard,119,1615,10.37,0,1,710.09,7.97,1
Rail,Central,Standard,160,1175,10.47,1,0,1025.44,9.44,1
Road,West,Express,98,2216,11.16,0,0,881.76,7.61,1
Rail,East,Standard,383,2406,8.42,0,0,1729.63,7.82,1
Air,North,Express,499,540,17.72,0,0,1659.99,4.62,0
Air,West,Standard,78,1781,11.16,0,1,1929.52,6.89,0
Road,North,Standard,124,787,8.97,0,0,680.39,6.93,0
Road,West,Standard,160,2489,5.37,0,0,1132.93,9.2,1
Rail,East,Standard,445,670,7.71,0,0,1240.59,6.13,0
Air,Central,Express,228,772,12.28,0,1,1383.9,4.53,0
Road,South,Express,148,1799,13.13,1,0,1009.11,7.61,1
Air,West,Express,167,1983,12.43,1,0,1990.08,8.3,1
Road,East,Standard,303,365,10.36,0,1,748.0,7.17,1
Air,East,Express,199,1411,4.23,0,0,1729.62,4.14,0
Road,Central,Standard,78,896,9.46,0,0,495.39,6.03,0
Road,West,Express,411,1548,4.28,0,0,1416.91,7.2,1
Road,East,Standard,216,1413,3.54,0,0,871.9,7.1,1
Road,East,Standard,135,2465,8.72,0,1,1095.4,9.96,1
Road,West,Standard,366,2337,9.57,0,0,1564.73,9.04,1
Road,South,Standard,375,1652,10.71,1,1,1268.88,9.89,1
Road,North,Standard,85,1714,9.49,1,0,816.96,9.23,1
Rail,East,Express,46,2252,9.59,0,0,1199.82,8.83,1
Road,North,Express,32,499,5.05,0,0,177.35,3.83,0
Rail,North,Express,385,1828,7.69,0,0,1477.46,7.8,1
Air,East,Standard,316,1941,3.48,0,0,2384.75,6.35,0
Road,West,Standard,398,362,1.99,0,0,884.42,5.97,0
Road,West,Standard,316,2209,10.22,1,0,1484.67,9.48,1
Air,South,Standard,206,1763,5.74,0,0,1828.56,5.16,0
Air,East,Standard,298,900,10.62,0,0,1288.77,5.05,0
Road,North,Standard,364,1236,11.33,0,1,1235.1,8.39,1
Air,West,Standard,205,1249,6.14,0,0,1638.15,4.23,0
Road,South,Standard,458,2301,9.77,0,0,1581.26,10.2,1
Road,West,Standard,450,2424,6.02,0,0,1623.92,8.88,1
Rail,Central,Standard,402,2026,2.46,0,1,1632.42,9.6,1
Road,West,Standard,496,1647,8.37,0,0,1386.67,9.0,1
Rail,South,Express,201,305,6.59,0,0,532.79,4.88,0
Road,Central,Standard,65,2291,6.68,0,0,917.75,7.63,1
Rail,West,Express,247,378,13.93,0,0,873.21,5.44,0
Road,West,Standard,375,458,3.42,1,1,763.37,7.26,1
Road,Central,Standard,391,220,9.15,0,0,877.99,4.42,0
Road,Central,Standard,200,2371,5.02,0,1,1109.61,9.2,1
Road,North,Express,153,1258,10.72,0,0,841.38,6.38,0
Rail,Central,Standard,228,628,8.9,0,0,794.32,6.54,0
Road,West,Standard,403,247,9.14,0,0,871.05,5.46,0
Road,South,Standard,39,1059,5.17,0,0,619.33,6.09,0
Road,South,Standard,170,1823,5.7,0,0,882.55,6.26,0
Road,West,Standard,122,2486,10.78,1,0,1062.09,10.26,1
Air,South,Standard,404,1403,13.31,0,0,1933.32,6.62,0
Road,East,Standard,240,1537,9.44,0,0,941.41,5.98,0
Air,West,Standard,52,2097,5.31,1,0,2055.53,7.47,1
Road,West,Standard,138,2259,9.02,0,1,1069.35,7.71,1
Rail,Central,Standard,31,735,15.28,0,0,624.78,7.22,1
Road,North,Express,243,2480,8.31,0,0,1325.67,7.03,1
Road,South,Express,498,1321,12.39,0,0,1629.11,8.08,1
Air,Central,Standard,287,2328,5.78,0,0,2529.7,5.57,0
Air,East,Standard,436,337,7.87,0,0,1024.45,2.72,0
Air,South,Standard,373,288,9.86,0,1,952.43,4.81,0
Road,South,Standard,442,2217,9.19,1,0,1473.71,9.85,1
Road,South,Standard,162,1697,5.7,0,1,790.14,6.59,0
Rail,East,Standard,476,478,5.57,0,0,1135.92,6.95,0
Road,South,Express,126,2242,10.96,0,1,1156.87,6.98,0
Rail,West,Standard,224,300,11.57,0,0,844.51,5.83,0
